,cabecera,reg_ayu_numdto,reg_ayu_distrito,reg_ayu_nummpio,reg_ayu_municipio,tiposec,seccion,casilla,tipocasilla,idcasilla,extcont,abreviatura,listanom,hombres,mujeres,pan,pri,prd,pvem,pt,mc,morena,txver,podemos,pc,uc,pes,rsp,fxm,ci1,ci2,cnr,vn,party,votes,Unnamed: 0
0,0,1,01 PANUCO,124,PANUCO,U,2814,BÃSICA,B,1,0,B1,711,337,374,196.33333333333331,24.83333333333333,5.833333333333333,20.5,5.0,6,219.5,2.0,1.0,0.0,0.0,2.0,10.0,1.0,,,1,10,pan,374.0,0.0
1,0,1,01 PANUCO,124,PANUCO,U,2814,BÃSICA,B,1,0,B1,711,337,374,196.33333333333331,24.83333333333333,5.833333333333333,20.5,5.0,6,219.5,2.0,1.0,0.0,0.0,2.0,10.0,1.0,,,1,10,pri,196.33333333333331,0.0
2,0,1,01 PANUCO,124,PANUCO,U,2814,BÃSICA,B,1,0,B1,711,337,374,196.33333333333331,24.83333333333333,5.833333333333333,20.5,5.0,6,219.5,2.0,1.0,0.0,0.0,2.0,10.0,1.0,,,1,10,prd,24.83333333333333,0.0
3,0,1,01 PANUCO,124,PANUCO,U,2814,BÃSICA,B,1,0,B1,711,337,374,196.33333333333331,24.83333333333333,5.833333333333333,20.5,5.0,6,219.5,2.0,1.0,0.0,0.0,2.0,10.0,1.0,,,1,10,pvem,5.833333333333333,0.0
4,0,1,01 PANUCO,124,PANUCO,U,2814,BÃSICA,B,1,0,B1,711,337,374,196.33333333333331,24.83333333333333,5.833333333333333,20.5,5.0,6,219.5,2.0,1.0,0.0,0.0,2.0,10.0,1.0,,,1,10,pt,20.5,0.0
5,0,1,01 PANUCO,124,PANUCO,U,2814,BÃSICA,B,1,0,B1,711,337,374,196.33333333333331,24.83333333333333,5.833333333333333,20.5,5.0,6,219.5,2.0,1.0,0.0,0.0,2.0,10.0,1.0,,,1,10,mc,5.0,0.0
6,0,1,01 PANUCO,124,PANUCO,U,2814,BÃSICA,B,1,0,B1,711,337,374,196.33333333333331,24.83333333333333,5.833333333333333,20.5,5.0,6,219.5,2.0,1.0,0.0,0.0,2.0,10.0,1.0,,,1,10,morena,6.0,0.0
7,0,1,01 PANUCO,124,PANUCO,U,2814,BÃSICA,B,1,0,B1,711,337,374,196.33333333333331,24.83333333333333,5.833333333333333,20.5,5.0,6,219.5,2.0,1.0,0.0,0.0,2.0,10.0,1.0,,,1,10,txver,219.5,0.0
8,0,1,01 PANUCO,124,PANUCO,U,2814,BÃSICA,B,1,0,B1,711,337,374,196.33333333333331,24.83333333333333,5.833333333333333,20.5,5.0,6,219.5,2.0,1.0,0.0,0.0,2.0,10.0,1.0,,,1,10,podemos,2.0,0.0
9,0,1,01 PANUCO,124,PANUCO,U,2814,BÃSICA,B,1,0,B1,711,337,374,196.33333333333331,24.83333333333333,5.833333333333333,20.5,5.0,6,219.5,2.0,1.0,0.0,0.0,2.0,10.0,1.0,,,1,10,pc,1.0,0.0
10,0,1,01 PANUCO,124,PANUCO,U,2814,BÃSICA,B,1,0,B1,711,337,374,196.33333333333331,24.83333333333333,5.833333333333333,20.5,5.0,6,219.5,2.0,1.0,0.0,0.0,2.0,10.0,1.0,,,1,10,uc,0.0,0.0
11,0,1,01 PANUCO,124,PANUCO,U,2814,BÃSICA,B,1,0,B1,711,337,374,196.33333333333331,24.83333333333333,5.833333333333333,20.5,5.0,6,219.5,2.0,1.0,0.0,0.0,2.0,10.0,1.0,,,1,10,rsp,2.0,0.0
12,0,1,01 PANUCO,124,PANUCO,U,2814,BÃSICA,B,1,0,B1,711,337,374,196.33333333333331,24.83333333333333,5.833333333333333,20.5,5.0,6,219.5,2.0,1.0,0.0,0.0,2.0,10.0,1.0,,,1,10,fxm,10.0,0.0
13,0,1,01 PANUCO,124,PANUCO,U,2815,BÃSICA,B,1,0,B1,443,205,238,71.66666666666667,14.666666666666666,1.6666666666666663,15.833333333333334,5.333333333333333,2,160.83333333333334,2.0,0.0,0.0,1.0,2.0,2.0,0.0,,,0,3,pan,238.0,1.0
14,0,1,01 PANUCO,124,PANUCO,U,2815,BÃSICA,B,1,0,B1,443,205,238,71.66666666666667,14.666666666666666,1.6666666666666663,15.833333333333334,5.333333333333333,2,160.83333333333334,2.0,0.0,0.0,1.0,2.0,2.0,0.0,,,0,3,pri,71.66666666666667,1.0
15,0,1,01 PANUCO,124,PANUCO,U,2815,BÃSICA,B,1,0,B1,443,205,238,71.66666666666667,14.666666666666666,1.6666666666666663,15.833333333333334,5.333333333333333,2,160.83333333333334,2.0,0.0,0.0,1.0,2.0,2.0,0.0,,,0,3,prd,14.666666666666666,1.0
16,0,1,01 PANUCO,124,PANUCO,U,2815,BÃSICA,B,1,0,B1,443,205,238,71.66666666666667,14.666666666666666,1.6666666666666663,15.833333333333334,5.333333333333333,2,160.83333333333334,2.0,0.0,0.0,1.0,2.0,2.0,0.0,,,0,3,pvem,1.6666666666666663,1.0
17,0,1,01 PANUCO,124,PANUCO,U,2815,BÃSICA,B,1,0,B1,443,205,238,71.66666666666667,14.666666666666666,1.6666666666666663,15.833333333333334,5.333333333333333,2,160.83333333333334,2.0,0.0,0.0,1.0,2.0,2.0,0.0,,,0,3,pt,15.833333333333334,1.0
18,0,1,01 PANUCO,124,PANUCO,U,2815,BÃSICA,B,1,0,B1,443,205,238,71.66666666666667,14.666666666666666,1.6666666666666663,15.833333333333334,5.333333333333333,2,160.83333333333334,2.0,0.0,0.0,1.0,2.0,2.0,0.0,,,0,3,mc,5.333333333333333,1.0
19,0,1,01 PANUCO,124,PANUCO,U,2815,BÃSICA,B,1,0,B1,443,205,238,71.66666666666667,14.666666666666666,1.6666666666666663,15.833333333333334,5.333333333333333,2,160.83333333333334,2.0,0.0,0.0,1.0,2.0,2.0,0.0,,,0,3,morena,2.0,1.0
20,0,1,01 PANUCO,124,PANUCO,U,2815,BÃSICA,B,1,0,B1,443,205,238,71.66666666666667,14.666666666666666,1.6666666666666663,15.833333333333334,5.333333333333333,2,160.83333333333334,2.0,0.0,0.0,1.0,2.0,2.0,0.0,,,0,3,txver,160.83333333333334,1.0
21,0,1,01 PANUCO,124,PANUCO,U,2815,BÃSICA,B,1,0,B1,443,205,238,71.66666666666667,14.666666666666666,1.6666666666666663,15.833333333333334,5.333333333333333,2,160.83333333333334,2.0,0.0,0.0,1.0,2.0,2.0,0.0,,,0,3,podemos,2.0,1.0
22,0,1,01 PANUCO,124,PANUCO,U,2815,BÃSICA,B,1,0,B1,443,205,238,71.66666666666667,14.666666666666666,1.6666666666666663,15.833333333333334,5.333333333333333,2,160.83333333333334,2.0,0.0,0.0,1.0,2.0,2.0,0.0,,,0,3,pc,0.0,1.0
23,0,1,01 PANUCO,124,PANUCO,U,2815,BÃSICA,B,1,0,B1,443,205,238,71.66666666666667,14.666666666666666,1.6666666666666663,15.833333333333334,5.333333333333333,2,160.83333333333334,2.0,0.0,0.0,1.0,2.0,2.0,0.0,,,0,3,uc,0.0,1.0
24,0,1,01 PANUCO,124,PANUCO,U,2815,BÃSICA,B,1,0,B1,443,205,238,71.66666666666667,14.666666666666666,1.6666666666666663,15.833333333333334,5.333333333333333,2,160.83333333333334,2.0,0.0,0.0,1.0,2.0,2.0,0.0,,,0,3,rsp,2.0,1.0
25,0,1,01 PANUCO,124,PANUCO,U,2815,BÃSICA,B,1,0,B1,443,205,238,71.66666666666667,14.666666666666666,1.6666666666666663,15.833333333333334,5.333333333333333,2,160.83333333333334,2.0,0.0,0.0,1.0,2.0,2.0,0.0,,,0,3,fxm,2.0,1.0
26,0,1,01 PANUCO,124,PANUCO,U,2815,CONTIGUA 1,C,1,0,C1,443,207,236,48.5,8.5,3.0,10.666666666666666,4.166666666666666,2,188.16666666666663,1.0,0.0,0.0,0.0,2.0,6.0,0.0,,,0,7,pan,236.0,2.0
27,0,1,01 PANUCO,124,PANUCO,U,2815,CONTIGUA 1,C,1,0,C1,443,207,236,48.5,8.5,3.0,10.666666666666666,4.166666666666666,2,188.16666666666663,1.0,0.0,0.0,0.0,2.0,6.0,0.0,,,0,7,pri,48.5,2.0
28,0,1,01 PANUCO,124,PANUCO,U,2815,CONTIGUA 1,C,1,0,C1,443,207,236,48.5,8.5,3.0,10.666666666666666,4.166666666666666,2,188.16666666666663,1.0,0.0,0.0,0.0,2.0,6.0,0.0,,,0,7,prd,8.5,2.0
29,0,1,01 PANUCO,124,PANUCO,U,2815,CONTIGUA 1,C,1,0,C1,443,207,236,48.5,8.5,3.0,10.666666666666666,4.166666666666666,2,188.16666666666663,1.0,0.0,0.0,0.0,2.0,6.0,0.0,,,0,7,pvem,3.0,2.0
30,0,1,01 PANUCO,124,PANUCO,U,2815,CONTIGUA 1,C,1,0,C1,443,207,236,48.5,8.5,3.0,10.666666666666666,4.166666666666666,2,188.16666666666663,1.0,0.0,0.0,0.0,2.0,6.0,0.0,,,0,7,pt,10.666666666666666,2.0
31,0,1,01 PANUCO,124,PANUCO,U,2815,CONTIGUA 1,C,1,0,C1,443,207,236,48.5,8.5,3.0,10.666666666666666,4.166666666666666,2,188.16666666666663,1.0,0.0,0.0,0.0,2.0,6.0,0.0,,,0,7,mc,4.166666666666666,2.0
32,0,1,01 PANUCO,124,PANUCO,U,2815,CONTIGUA 1,C,1,0,C1,443,207,236,48.5,8.5,3.0,10.666666666666666,4.166666666666666,2,188.16666666666663,1.0,0.0,0.0,0.0,2.0,6.0,0.0,,,0,7,morena,2.0,2.0
33,0,1,01 PANUCO,124,PANUCO,U,2815,CONTIGUA 1,C,1,0,C1,443,207,236,48.5,8.5,3.0,10.666666666666666,4.166666666666666,2,188.16666666666663,1.0,0.0,0.0,0.0,2.0,6.0,0.0,,,0,7,txver,188.16666666666663,2.0
34,0,1,01 PANUCO,124,PANUCO,U,2815,CONTIGUA 1,C,1,0,C1,443,207,236,48.5,8.5,3.0,10.666666666666666,4.166666666666666,2,188.16666666666663,1.0,0.0,0.0,0.0,2.0,6.0,0.0,,,0,7,podemos,1.0,2.0
35,0,1,01 PANUCO,124,PANUCO,U,2815,CONTIGUA 1,C,1,0,C1,443,207,236,48.5,8.5,3.0,10.666666666666666,4.166666666666666,2,188.16666666666663,1.0,0.0,0.0,0.0,2.0,6.0,0.0,,,0,7,pc,0.0,2.0
36,0,1,01 PANUCO,124,PANUCO,U,2815,CONTIGUA 1,C,1,0,C1,443,207,236,48.5,8.5,3.0,10.666666666666666,4.166666666666666,2,188.16666666666663,1.0,0.0,0.0,0.0,2.0,6.0,0.0,,,0,7,uc,0.0,2.0
37,0,1,01 PANUCO,124,PANUCO,U,2815,CONTIGUA 1,C,1,0,C1,443,207,236,48.5,8.5,3.0,10.666666666666666,4.166666666666666,2,188.16666666666663,1.0,0.0,0.0,0.0,2.0,6.0,0.0,,,0,7,rsp,2.0,2.0
38,0,1,01 PANUCO,124,PANUCO,U,2815,CONTIGUA 1,C,1,0,C1,443,207,236,48.5,8.5,3.0,10.666666666666666,4.166666666666666,2,188.16666666666663,1.0,0.0,0.0,0.0,2.0,6.0,0.0,,,0,7,fxm,6.0,2.0
39,0,1,01 PANUCO,124,PANUCO,U,2816,BÃSICA,B,1,0,B1,534,255,279,69.5,18.5,2.0,10.166666666666666,3.6666666666666665,5,198.16666666666663,2.0,0.0,0.0,2.0,6.0,3.0,1.0,,,0,7,pan,279.0,3.0
40,0,1,01 PANUCO,124,PANUCO,U,2816,BÃSICA,B,1,0,B1,534,255,279,69.5,18.5,2.0,10.166666666666666,3.6666666666666665,5,198.16666666666663,2.0,0.0,0.0,2.0,6.0,3.0,1.0,,,0,7,pri,69.5,3.0
41,0,1,01 PANUCO,124,PANUCO,U,2816,BÃSICA,B,1,0,B1,534,255,279,69.5,18.5,2.0,10.166666666666666,3.6666666666666665,5,198.16666666666663,2.0,0.0,0.0,2.0,6.0,3.0,1.0,,,0,7,prd,18.5,3.0
42,0,1,01 PANUCO,124,PANUCO,U,2816,BÃSICA,B,1,0,B1,534,255,279,69.5,18.5,2.0,10.166666666666666,3.6666666666666665,5,198.16666666666663,2.0,0.0,0.0,2.0,6.0,3.0,1.0,,,0,7,pvem,2.0,3.0
43,0,1,01 PANUCO,124,PANUCO,U,2816,BÃSICA,B,1,0,B1,534,255,279,69.5,18.5,2.0,10.166666666666666,3.6666666666666665,5,198.16666666666663,2.0,0.0,0.0,2.0,6.0,3.0,1.0,,,0,7,pt,10.166666666666666,3.0
44,0,1,01 PANUCO,124,PANUCO,U,2816,BÃSICA,B,1,0,B1,534,255,279,69.5,18.5,2.0,10.166666666666666,3.6666666666666665,5,198.16666666666663,2.0,0.0,0.0,2.0,6.0,3.0,1.0,,,0,7,mc,3.6666666666666665,3.0
45,0,1,01 PANUCO,124,PANUCO,U,2816,BÃSICA,B,1,0,B1,534,255,279,69.5,18.5,2.0,10.166666666666666,3.6666666666666665,5,198.16666666666663,2.0,0.0,0.0,2.0,6.0,3.0,1.0,,,0,7,morena,5.0,3.0
46,0,1,01 PANUCO,124,PANUCO,U,2816,BÃSICA,B,1,0,B1,534,255,279,69.5,18.5,2.0,10.166666666666666,3.6666666666666665,5,198.16666666666663,2.0,0.0,0.0,2.0,6.0,3.0,1.0,,,0,7,txver,198.16666666666663,3.0
47,0,1,01 PANUCO,124,PANUCO,U,2816,BÃSICA,B,1,0,B1,534,255,279,69.5,18.5,2.0,10.166666666666666,3.6666666666666665,5,198.16666666666663,2.0,0.0,0.0,2.0,6.0,3.0,1.0,,,0,7,podemos,2.0,3.0
48,0,1,01 PANUCO,124,PANUCO,U,2816,BÃSICA,B,1,0,B1,534,255,279,69.5,18.5,2.0,10.166666666666666,3.6666666666666665,5,198.16666666666663,2.0,0.0,0.0,2.0,6.0,3.0,1.0,,,0,7,pc,0.0,3.0
49,0,1,01 PANUCO,124,PANUCO,U,2816,BÃSICA,B,1,0,B1,534,255,279,69.5,18.5,2.0,10.166666666666666,3.6666666666666665,5,198.16666666666663,2.0,0.0,0.0,2.0,6.0,3.0,1.0,,,0,7,uc,0.0,3.0
50,0,1,01 PANUCO,124,PANUCO,U,2816,BÃSICA,B,1,0,B1,534,255,279,69.5,18.5,2.0,10.166666666666666,3.6666666666666665,5,198.16666666666663,2.0,0.0,0.0,2.0,6.0,3.0,1.0,,,0,7,rsp,6.0,3.0
51,0,1,01 PANUCO,124,PANUCO,U,2816,BÃSICA,B,1,0,B1,534,255,279,69.5,18.5,2.0,10.166666666666666,3.6666666666666665,5,198.16666666666663,2.0,0.0,0.0,2.0,6.0,3.0,1.0,,,0,7,fxm,3.0,3.0
52,0,1,01 PANUCO,124,PANUCO,U,2816,CONTIGUA 1,C,1,0,C1,534,244,290,85.83333333333333,8.833333333333334,3.333333333333333,16.833333333333336,9.333333333333334,1,193.83333333333331,4.0,0.0,1.0,4.0,2.0,3.0,2.0,,,0,7,pan,290.0,4.0
53,0,1,01 PANUCO,124,PANUCO,U,2816,CONTIGUA 1,C,1,0,C1,534,244,290,85.83333333333333,8.833333333333334,3.333333333333333,16.833333333333336,9.333333333333334,1,193.83333333333331,4.0,0.0,1.0,4.0,2.0,3.0,2.0,,,0,7,pri,85.83333333333333,4.0
54,0,1,01 PANUCO,124,PANUCO,U,2816,CONTIGUA 1,C,1,0,C1,534,244,290,85.83333333333333,8.833333333333334,3.333333333333333,16.833333333333336,9.333333333333334,1,193.83333333333331,4.0,0.0,1.0,4.0,2.0,3.0,2.0,,,0,7,prd,8.833333333333334,4.0
55,0,1,01 PANUCO,124,PANUCO,U,2816,CONTIGUA 1,C,1,0,C1,534,244,290,85.83333333333333,8.833333333333334,3.333333333333333,16.833333333333336,9.333333333333334,1,193.83333333333331,4.0,0.0,1.0,4.0,2.0,3.0,2.0,,,0,7,pvem,3.333333333333333,4.0
56,0,1,01 PANUCO,124,PANUCO,U,2816,CONTIGUA 1,C,1,0,C1,534,244,290,85.83333333333333,8.833333333333334,3.333333333333333,16.833333333333336,9.333333333333334,1,193.83333333333331,4.0,0.0,1.0,4.0,2.0,3.0,2.0,,,0,7,pt,16.833333333333336,4.0
57,0,1,01 PANUCO,124,PANUCO,U,2816,CONTIGUA 1,C,1,0,C1,534,244,290,85.83333333333333,8.833333333333334,3.333333333333333,16.833333333333336,9.333333333333334,1,193.83333333333331,4.0,0.0,1.0,4.0,2.0,3.0,2.0,,,0,7,mc,9.333333333333334,4.0
58,0,1,01 PANUCO,124,PANUCO,U,2816,CONTIGUA 1,C,1,0,C1,534,244,290,85.83333333333333,8.833333333333334,3.333333333333333,16.833333333333336,9.333333333333334,1,193.83333333333331,4.0,0.0,1.0,4.0,2.0,3.0,2.0,,,0,7,morena,1.0,4.0
59,0,1,01 PANUCO,124,PANUCO,U,2816,CONTIGUA 1,C,1,0,C1,534,244,290,85.83333333333333,8.833333333333334,3.333333333333333,16.833333333333336,9.333333333333334,1,193.83333333333331,4.0,0.0,1.0,4.0,2.0,3.0,2.0,,,0,7,txver,193.83333333333331,4.0
60,0,1,01 PANUCO,124,PANUCO,U,2816,CONTIGUA 1,C,1,0,C1,534,244,290,85.83333333333333,8.833333333333334,3.333333333333333,16.833333333333336,9.333333333333334,1,193.83333333333331,4.0,0.0,1.0,4.0,2.0,3.0,2.0,,,0,7,podemos,4.0,4.0
61,0,1,01 PANUCO,124,PANUCO,U,2816,CONTIGUA 1,C,1,0,C1,534,244,290,85.83333333333333,8.833333333333334,3.333333333333333,16.833333333333336,9.333333333333334,1,193.83333333333331,4.0,0.0,1.0,4.0,2.0,3.0,2.0,,,0,7,pc,0.0,4.0
62,0,1,01 PANUCO,124,PANUCO,U,2816,CONTIGUA 1,C,1,0,C1,534,244,290,85.83333333333333,8.833333333333334,3.333333333333333,16.833333333333336,9.333333333333334,1,193.83333333333331,4.0,0.0,1.0,4.0,2.0,3.0,2.0,,,0,7,uc,1.0,4.0
63,0,1,01 PANUCO,124,PANUCO,U,2816,CONTIGUA 1,C,1,0,C1,534,244,290,85.83333333333333,8.833333333333334,3.333333333333333,16.833333333333336,9.333333333333334,1,193.83333333333331,4.0,0.0,1.0,4.0,2.0,3.0,2.0,,,0,7,rsp,2.0,4.0
64,0,1,01 PANUCO,124,PANUCO,U,2816,CONTIGUA 1,C,1,0,C1,534,244,290,85.83333333333333,8.833333333333334,3.333333333333333,16.833333333333336,9.333333333333334,1,193.83333333333331,4.0,0.0,1.0,4.0,2.0,3.0,2.0,,,0,7,fxm,3.0,4.0
65,0,1,01 PANUCO,124,PANUCO,U,2814,BÃSICA,B,1,0,B1,711,337,374,196.33333333333331,24.83333333333333,5.833333333333333,20.5,5.0,6,219.5,2.0,1.0,0.0,0.0,2.0,10.0,1.0,,,1,10,pan,374.0,0.0
66,0,1,01 PANUCO,124,PANUCO,U,2814,BÃSICA,B,1,0,B1,711,337,374,196.33333333333331,24.83333333333333,5.833333333333333,20.5,5.0,6,219.5,2.0,1.0,0.0,0.0,2.0,10.0,1.0,,,1,10,pri,196.33333333333331,0.0
67,0,1,01 PANUCO,124,PANUCO,U,2814,BÃSICA,B,1,0,B1,711,337,374,196.33333333333331,24.83333333333333,5.833333333333333,20.5,5.0,6,219.5,2.0,1.0,0.0,0.0,2.0,10.0,1.0,,,1,10,prd,24.83333333333333,0.0
68,0,1,01 PANUCO,124,PANUCO,U,2814,BÃSICA,B,1,0,B1,711,337,374,196.33333333333331,24.83333333333333,5.833333333333333,20.5,5.0,6,219.5,2.0,1.0,0.0,0.0,2.0,10.0,1.0,,,1,10,pvem,5.833333333333333,0.0
69,0,1,01 PANUCO,124,PANUCO,U,2814,BÃSICA,B,1,0,B1,711,337,374,196.33333333333331,24.83333333333333,5.833333333333333,20.5,5.0,6,219.5,2.0,1.0,0.0,0.0,2.0,10.0,1.0,,,1,10,pt,20.5,0.0
70,0,1,01 PANUCO,124,PANUCO,U,2814,BÃSICA,B,1,0,B1,711,337,374,196.33333333333331,24.83333333333333,5.833333333333333,20.5,5.0,6,219.5,2.0,1.0,0.0,0.0,2.0,10.0,1.0,,,1,10,mc,5.0,0.0
71,0,1,01 PANUCO,124,PANUCO,U,2814,BÃSICA,B,1,0,B1,711,337,374,196.33333333333331,24.83333333333333,5.833333333333333,20.5,5.0,6,219.5,2.0,1.0,0.0,0.0,2.0,10.0,1.0,,,1,10,morena,6.0,0.0
72,0,1,01 PANUCO,124,PANUCO,U,2814,BÃSICA,B,1,0,B1,711,337,374,196.33333333333331,24.83333333333333,5.833333333333333,20.5,5.0,6,219.5,2.0,1.0,0.0,0.0,2.0,10.0,1.0,,,1,10,txver,219.5,0.0
73,0,1,01 PANUCO,124,PANUCO,U,2814,BÃSICA,B,1,0,B1,711,337,374,196.33333333333331,24.83333333333333,5.833333333333333,20.5,5.0,6,219.5,2.0,1.0,0.0,0.0,2.0,10.0,1.0,,,1,10,podemos,2.0,0.0
74,0,1,01 PANUCO,124,PANUCO,U,2814,BÃSICA,B,1,0,B1,711,337,374,196.33333333333331,24.83333333333333,5.833333333333333,20.5,5.0,6,219.5,2.0,1.0,0.0,0.0,2.0,10.0,1.0,,,1,10,pc,1.0,0.0
75,0,1,01 PANUCO,124,PANUCO,U,2814,BÃSICA,B,1,0,B1,711,337,374,196.33333333333331,24.83333333333333,5.833333333333333,20.5,5.0,6,219.5,2.0,1.0,0.0,0.0,2.0,10.0,1.0,,,1,10,uc,0.0,0.0
76,0,1,01 PANUCO,124,PANUCO,U,2814,BÃSICA,B,1,0,B1,711,337,374,196.33333333333331,24.83333333333333,5.833333333333333,20.5,5.0,6,219.5,2.0,1.0,0.0,0.0,2.0,10.0,1.0,,,1,10,rsp,2.0,0.0
77,0,1,01 PANUCO,124,PANUCO,U,2814,BÃSICA,B,1,0,B1,711,337,374,196.33333333333331,24.83333333333333,5.833333333333333,20.5,5.0,6,219.5,2.0,1.0,0.0,0.0,2.0,10.0,1.0,,,1,10,fxm,10.0,0.0
78,0,1,01 PANUCO,124,PANUCO,U,2815,BÃSICA,B,1,0,B1,443,205,238,71.66666666666667,14.666666666666666,1.6666666666666663,15.833333333333334,5.333333333333333,2,160.83333333333334,2.0,0.0,0.0,1.0,2.0,2.0,0.0,,,0,3,pan,238.0,1.0
79,0,1,01 PANUCO,124,PANUCO,U,2815,BÃSICA,B,1,0,B1,443,205,238,71.66666666666667,14.666666666666666,1.6666666666666663,15.833333333333334,5.333333333333333,2,160.83333333333334,2.0,0.0,0.0,1.0,2.0,2.0,0.0,,,0,3,pri,71.66666666666667,1.0
80,0,1,01 PANUCO,124,PANUCO,U,2815,BÃSICA,B,1,0,B1,443,205,238,71.66666666666667,14.666666666666666,1.6666666666666663,15.833333333333334,5.333333333333333,2,160.83333333333334,2.0,0.0,0.0,1.0,2.0,2.0,0.0,,,0,3,prd,14.666666666666666,1.0
81,0,1,01 PANUCO,124,PANUCO,U,2815,BÃSICA,B,1,0,B1,443,205,238,71.66666666666667,14.666666666666666,1.6666666666666663,15.833333333333334,5.333333333333333,2,160.83333333333334,2.0,0.0,0.0,1.0,2.0,2.0,0.0,,,0,3,pvem,1.6666666666666663,1.0
82,0,1,01 PANUCO,124,PANUCO,U,2815,BÃSICA,B,1,0,B1,443,205,238,71.66666666666667,14.666666666666666,1.6666666666666663,15.833333333333334,5.333333333333333,2,160.83333333333334,2.0,0.0,0.0,1.0,2.0,2.0,0.0,,,0,3,pt,15.833333333333334,1.0
83,0,1,01 PANUCO,124,PANUCO,U,2815,BÃSICA,B,1,0,B1,443,205,238,71.66666666666667,14.666666666666666,1.6666666666666663,15.833333333333334,5.333333333333333,2,160.83333333333334,2.0,0.0,0.0,1.0,2.0,2.0,0.0,,,0,3,mc,5.333333333333333,1.0
84,0,1,01 PANUCO,124,PANUCO,U,2815,BÃSICA,B,1,0,B1,443,205,238,71.66666666666667,14.666666666666666,1.6666666666666663,15.833333333333334,5.333333333333333,2,160.83333333333334,2.0,0.0,0.0,1.0,2.0,2.0,0.0,,,0,3,morena,2.0,1.0
85,0,1,01 PANUCO,124,PANUCO,U,2815,BÃSICA,B,1,0,B1,443,205,238,71.66666666666667,14.666666666666666,1.6666666666666663,15.833333333333334,5.333333333333333,2,160.83333333333334,2.0,0.0,0.0,1.0,2.0,2.0,0.0,,,0,3,txver,160.83333333333334,1.0
86,0,1,01 PANUCO,124,PANUCO,U,2815,BÃSICA,B,1,0,B1,443,205,238,71.66666666666667,14.666666666666666,1.6666666666666663,15.833333333333334,5.333333333333333,2,160.83333333333334,2.0,0.0,0.0,1.0,2.0,2.0,0.0,,,0,3,podemos,2.0,1.0
87,0,1,01 PANUCO,124,PANUCO,U,2815,BÃSICA,B,1,0,B1,443,205,238,71.66666666666667,14.666666666666666,1.6666666666666663,15.833333333333334,5.333333333333333,2,160.83333333333334,2.0,0.0,0.0,1.0,2.0,2.0,0.0,,,0,3,pc,0.0,1.0
88,0,1,01 PANUCO,124,PANUCO,U,2815,BÃSICA,B,1,0,B1,443,205,238,71.66666666666667,14.666666666666666,1.6666666666666663,15.833333333333334,5.333333333333333,2,160.83333333333334,2.0,0.0,0.0,1.0,2.0,2.0,0.0,,,0,3,uc,0.0,1.0
89,0,1,01 PANUCO,124,PANUCO,U,2815,BÃSICA,B,1,0,B1,443,205,238,71.66666666666667,14.666666666666666,1.6666666666666663,15.833333333333334,5.333333333333333,2,160.83333333333334,2.0,0.0,0.0,1.0,2.0,2.0,0.0,,,0,3,rsp,2.0,1.0
90,0,1,01 PANUCO,124,PANUCO,U,2815,BÃSICA,B,1,0,B1,443,205,238,71.66666666666667,14.666666666666666,1.6666666666666663,15.833333333333334,5.333333333333333,2,160.83333333333334,2.0,0.0,0.0,1.0,2.0,2.0,0.0,,,0,3,fxm,2.0,1.0
91,0,1,01 PANUCO,124,PANUCO,U,2815,CONTIGUA 1,C,1,0,C1,443,207,236,48.5,8.5,3.0,10.666666666666666,4.166666666666666,2,188.16666666666663,1.0,0.0,0.0,0.0,2.0,6.0,0.0,,,0,7,pan,236.0,2.0
92,0,1,01 PANUCO,124,PANUCO,U,2815,CONTIGUA 1,C,1,0,C1,443,207,236,48.5,8.5,3.0,10.666666666666666,4.166666666666666,2,188.16666666666663,1.0,0.0,0.0,0.0,2.0,6.0,0.0,,,0,7,pri,48.5,2.0
93,0,1,01 PANUCO,124,PANUCO,U,2815,CONTIGUA 1,C,1,0,C1,443,207,236,48.5,8.5,3.0,10.666666666666666,4.166666666666666,2,188.16666666666663,1.0,0.0,0.0,0.0,2.0,6.0,0.0,,,0,7,prd,8.5,2.0
94,0,1,01 PANUCO,124,PANUCO,U,2815,CONTIGUA 1,C,1,0,C1,443,207,236,48.5,8.5,3.0,10.666666666666666,4.166666666666666,2,188.16666666666663,1.0,0.0,0.0,0.0,2.0,6.0,0.0,,,0,7,pvem,3.0,2.0
95,0,1,01 PANUCO,124,PANUCO,U,2815,CONTIGUA 1,C,1,0,C1,443,207,236,48.5,8.5,3.0,10.666666666666666,4.166666666666666,2,188.16666666666663,1.0,0.0,0.0,0.0,2.0,6.0,0.0,,,0,7,pt,10.666666666666666,2.0
96,0,1,01 PANUCO,124,PANUCO,U,2815,CONTIGUA 1,C,1,0,C1,443,207,236,48.5,8.5,3.0,10.666666666666666,4.166666666666666,2,188.16666666666663,1.0,0.0,0.0,0.0,2.0,6.0,0.0,,,0,7,mc,4.166666666666666,2.0
97,0,1,01 PANUCO,124,PANUCO,U,2815,CONTIGUA 1,C,1,0,C1,443,207,236,48.5,8.5,3.0,10.666666666666666,4.166666666666666,2,188.16666666666663,1.0,0.0,0.0,0.0,2.0,6.0,0.0,,,0,7,morena,2.0,2.0
98,0,1,01 PANUCO,124,PANUCO,U,2815,CONTIGUA 1,C,1,0,C1,443,207,236,48.5,8.5,3.0,10.666666666666666,4.166666666666666,2,188.16666666666663,1.0,0.0,0.0,0.0,2.0,6.0,0.0,,,0,7,txver,188.16666666666663,2.0
99,0,1,01 PANUCO,124,PANUCO,U,2815,CONTIGUA 1,C,1,0,C1,443,207,236,48.5,8.5,3.0,10.666666666666666,4.166666666666666,2,188.16666666666663,1.0,0.0,0.0,0.0,2.0,6.0,0.0,,,0,7,podemos,1.0,2.0
100,0,1,01 PANUCO,124,PANUCO,U,2815,CONTIGUA 1,C,1,0,C1,443,207,236,48.5,8.5,3.0,10.666666666666666,4.166666666666666,2,188.16666666666663,1.0,0.0,0.0,0.0,2.0,6.0,0.0,,,0,7,pc,0.0,2.0
101,0,1,01 PANUCO,124,PANUCO,U,2815,CONTIGUA 1,C,1,0,C1,443,207,236,48.5,8.5,3.0,10.666666666666666,4.166666666666666,2,188.16666666666663,1.0,0.0,0.0,0.0,2.0,6.0,0.0,,,0,7,uc,0.0,2.0
102,0,1,01 PANUCO,124,PANUCO,U,2815,CONTIGUA 1,C,1,0,C1,443,207,236,48.5,8.5,3.0,10.666666666666666,4.166666666666666,2,188.16666666666663,1.0,0.0,0.0,0.0,2.0,6.0,0.0,,,0,7,rsp,2.0,2.0
103,0,1,01 PANUCO,124,PANUCO,U,2815,CONTIGUA 1,C,1,0,C1,443,207,236,48.5,8.5,3.0,10.666666666666666,4.166666666666666,2,188.16666666666663,1.0,0.0,0.0,0.0,2.0,6.0,0.0,,,0,7,fxm,6.0,2.0
104,0,1,01 PANUCO,124,PANUCO,U,2816,BÃSICA,B,1,0,B1,534,255,279,69.5,18.5,2.0,10.166666666666666,3.6666666666666665,5,198.16666666666663,2.0,0.0,0.0,2.0,6.0,3.0,1.0,,,0,7,pan,279.0,3.0
105,0,1,01 PANUCO,124,PANUCO,U,2816,BÃSICA,B,1,0,B1,534,255,279,69.5,18.5,2.0,10.166666666666666,3.6666666666666665,5,198.16666666666663,2.0,0.0,0.0,2.0,6.0,3.0,1.0,,,0,7,pri,69.5,3.0
106,0,1,01 PANUCO,124,PANUCO,U,2816,BÃSICA,B,1,0,B1,534,255,279,69.5,18.5,2.0,10.166666666666666,3.6666666666666665,5,198.16666666666663,2.0,0.0,0.0,2.0,6.0,3.0,1.0,,,0,7,prd,18.5,3.0
107,0,1,01 PANUCO,124,PANUCO,U,2816,BÃSICA,B,1,0,B1,534,255,279,69.5,18.5,2.0,10.166666666666666,3.6666666666666665,5,198.16666666666663,2.0,0.0,0.0,2.0,6.0,3.0,1.0,,,0,7,pvem,2.0,3.0
108,0,1,01 PANUCO,124,PANUCO,U,2816,BÃSICA,B,1,0,B1,534,255,279,69.5,18.5,2.0,10.166666666666666,3.6666666666666665,5,198.16666666666663,2.0,0.0,0.0,2.0,6.0,3.0,1.0,,,0,7,pt,10.166666666666666,3.0
109,0,1,01 PANUCO,124,PANUCO,U,2816,BÃSICA,B,1,0,B1,534,255,279,69.5,18.5,2.0,10.166666666666666,3.6666666666666665,5,198.16666666666663,2.0,0.0,0.0,2.0,6.0,3.0,1.0,,,0,7,mc,3.6666666666666665,3.0
110,0,1,01 PANUCO,124,PANUCO,U,2816,BÃSICA,B,1,0,B1,534,255,279,69.5,18.5,2.0,10.166666666666666,3.6666666666666665,5,198.16666666666663,2.0,0.0,0.0,2.0,6.0,3.0,1.0,,,0,7,morena,5.0,3.0
111,0,1,01 PANUCO,124,PANUCO,U,2816,BÃSICA,B,1,0,B1,534,255,279,69.5,18.5,2.0,10.166666666666666,3.6666666666666665,5,198.16666666666663,2.0,0.0,0.0,2.0,6.0,3.0,1.0,,,0,7,txver,198.16666666666663,3.0
112,0,1,01 PANUCO,124,PANUCO,U,2816,BÃSICA,B,1,0,B1,534,255,279,69.5,18.5,2.0,10.166666666666666,3.6666666666666665,5,198.16666666666663,2.0,0.0,0.0,2.0,6.0,3.0,1.0,,,0,7,podemos,2.0,3.0
113,0,1,01 PANUCO,124,PANUCO,U,2816,BÃSICA,B,1,0,B1,534,255,279,69.5,18.5,2.0,10.166666666666666,3.6666666666666665,5,198.16666666666663,2.0,0.0,0.0,2.0,6.0,3.0,1.0,,,0,7,pc,0.0,3.0
114,0,1,01 PANUCO,124,PANUCO,U,2816,BÃSICA,B,1,0,B1,534,255,279,69.5,18.5,2.0,10.166666666666666,3.6666666666666665,5,198.16666666666663,2.0,0.0,0.0,2.0,6.0,3.0,1.0,,,0,7,uc,0.0,3.0
115,0,1,01 PANUCO,124,PANUCO,U,2816,BÃSICA,B,1,0,B1,534,255,279,69.5,18.5,2.0,10.166666666666666,3.6666666666666665,5,198.16666666666663,2.0,0.0,0.0,2.0,6.0,3.0,1.0,,,0,7,rsp,6.0,3.0
116,0,1,01 PANUCO,124,PANUCO,U,2816,BÃSICA,B,1,0,B1,534,255,279,69.5,18.5,2.0,10.166666666666666,3.6666666666666665,5,198.16666666666663,2.0,0.0,0.0,2.0,6.0,3.0,1.0,,,0,7,fxm,3.0,3.0
117,0,1,01 PANUCO,124,PANUCO,U,2816,CONTIGUA 1,C,1,0,C1,534,244,290,85.83333333333333,8.833333333333334,3.333333333333333,16.833333333333336,9.333333333333334,1,193.83333333333331,4.0,0.0,1.0,4.0,2.0,3.0,2.0,,,0,7,pan,290.0,4.0
118,0,1,01 PANUCO,124,PANUCO,U,2816,CONTIGUA 1,C,1,0,C1,534,244,290,85.83333333333333,8.833333333333334,3.333333333333333,16.833333333333336,9.333333333333334,1,193.83333333333331,4.0,0.0,1.0,4.0,2.0,3.0,2.0,,,0,7,pri,85.83333333333333,4.0
119,0,1,01 PANUCO,124,PANUCO,U,2816,CONTIGUA 1,C,1,0,C1,534,244,290,85.83333333333333,8.833333333333334,3.333333333333333,16.833333333333336,9.333333333333334,1,193.83333333333331,4.0,0.0,1.0,4.0,2.0,3.0,2.0,,,0,7,prd,8.833333333333334,4.0
120,0,1,01 PANUCO,124,PANUCO,U,2816,CONTIGUA 1,C,1,0,C1,534,244,290,85.83333333333333,8.833333333333334,3.333333333333333,16.833333333333336,9.333333333333334,1,193.83333333333331,4.0,0.0,1.0,4.0,2.0,3.0,2.0,,,0,7,pvem,3.333333333333333,4.0
121,0,1,01 PANUCO,124,PANUCO,U,2816,CONTIGUA 1,C,1,0,C1,534,244,290,85.83333333333333,8.833333333333334,3.333333333333333,16.833333333333336,9.333333333333334,1,193.83333333333331,4.0,0.0,1.0,4.0,2.0,3.0,2.0,,,0,7,pt,16.833333333333336,4.0
122,0,1,01 PANUCO,124,PANUCO,U,2816,CONTIGUA 1,C,1,0,C1,534,244,290,85.83333333333333,8.833333333333334,3.333333333333333,16.833333333333336,9.333333333333334,1,193.83333333333331,4.0,0.0,1.0,4.0,2.0,3.0,2.0,,,0,7,mc,9.333333333333334,4.0
123,0,1,01 PANUCO,124,PANUCO,U,2816,CONTIGUA 1,C,1,0,C1,534,244,290,85.83333333333333,8.833333333333334,3.333333333333333,16.833333333333336,9.333333333333334,1,193.83333333333331,4.0,0.0,1.0,4.0,2.0,3.0,2.0,,,0,7,morena,1.0,4.0
124,0,1,01 PANUCO,124,PANUCO,U,2816,CONTIGUA 1,C,1,0,C1,534,244,290,85.83333333333333,8.833333333333334,3.333333333333333,16.833333333333336,9.333333333333334,1,193.83333333333331,4.0,0.0,1.0,4.0,2.0,3.0,2.0,,,0,7,txver,193.83333333333331,4.0
125,0,1,01 PANUCO,124,PANUCO,U,2816,CONTIGUA 1,C,1,0,C1,534,244,290,85.83333333333333,8.833333333333334,3.333333333333333,16.833333333333336,9.333333333333334,1,193.83333333333331,4.0,0.0,1.0,4.0,2.0,3.0,2.0,,,0,7,podemos,4.0,4.0
126,0,1,01 PANUCO,124,PANUCO,U,2816,CONTIGUA 1,C,1,0,C1,534,244,290,85.83333333333333,8.833333333333334,3.333333333333333,16.833333333333336,9.333333333333334,1,193.83333333333331,4.0,0.0,1.0,4.0,2.0,3.0,2.0,,,0,7,pc,0.0,4.0
127,0,1,01 PANUCO,124,PANUCO,U,2816,CONTIGUA 1,C,1,0,C1,534,244,290,85.83333333333333,8.833333333333334,3.333333333333333,16.833333333333336,9.333333333333334,1,193.83333333333331,4.0,0.0,1.0,4.0,2.0,3.0,2.0,,,0,7,uc,1.0,4.0
128,0,1,01 PANUCO,124,PANUCO,U,2816,CONTIGUA 1,C,1,0,C1,534,244,290,85.83333333333333,8.833333333333334,3.333333333333333,16.833333333333336,9.333333333333334,1,193.83333333333331,4.0,0.0,1.0,4.0,2.0,3.0,2.0,,,0,7,rsp,2.0,4.0
129,0,1,01 PANUCO,124,PANUCO,U,2816,CONTIGUA 1,C,1,0,C1,534,244,290,85.83333333333333,8.833333333333334,3.333333333333333,16.833333333333336,9.333333333333334,1,193.83333333333331,4.0,0.0,1.0,4.0,2.0,3.0,2.0,,,0,7,fxm,3.0,4.0
130,0,1,01 PANUCO,124,PANUCO,U,2814,BÃSICA,B,1,0,B1,711,337,374,196.33333333333331,24.83333333333333,5.833333333333333,20.5,5.0,6,219.5,2.0,1.0,0.0,0.0,2.0,10.0,1.0,,,1,10,pan,374.0,0.0
131,0,1,01 PANUCO,124,PANUCO,U,2814,BÃSICA,B,1,0,B1,711,337,374,196.33333333333331,24.83333333333333,5.833333333333333,20.5,5.0,6,219.5,2.0,1.0,0.0,0.0,2.0,10.0,1.0,,,1,10,pri,196.33333333333331,0.0
132,0,1,01 PANUCO,124,PANUCO,U,2814,BÃSICA,B,1,0,B1,711,337,374,196.33333333333331,24.83333333333333,5.833333333333333,20.5,5.0,6,219.5,2.0,1.0,0.0,0.0,2.0,10.0,1.0,,,1,10,prd,24.83333333333333,0.0
133,0,1,01 PANUCO,124,PANUCO,U,2814,BÃSICA,B,1,0,B1,711,337,374,196.33333333333331,24.83333333333333,5.833333333333333,20.5,5.0,6,219.5,2.0,1.0,0.0,0.0,2.0,10.0,1.0,,,1,10,pvem,5.833333333333333,0.0
134,0,1,01 PANUCO,124,PANUCO,U,2814,BÃSICA,B,1,0,B1,711,337,374,196.33333333333331,24.83333333333333,5.833333333333333,20.5,5.0,6,219.5,2.0,1.0,0.0,0.0,2.0,10.0,1.0,,,1,10,pt,20.5,0.0
135,0,1,01 PANUCO,124,PANUCO,U,2814,BÃSICA,B,1,0,B1,711,337,374,196.33333333333331,24.83333333333333,5.833333333333333,20.5,5.0,6,219.5,2.0,1.0,0.0,0.0,2.0,10.0,1.0,,,1,10,mc,5.0,0.0
136,0,1,01 PANUCO,124,PANUCO,U,2814,BÃSICA,B,1,0,B1,711,337,374,196.33333333333331,24.83333333333333,5.833333333333333,20.5,5.0,6,219.5,2.0,1.0,0.0,0.0,2.0,10.0,1.0,,,1,10,morena,6.0,0.0
137,0,1,01 PANUCO,124,PANUCO,U,2814,BÃSICA,B,1,0,B1,711,337,374,196.33333333333331,24.83333333333333,5.833333333333333,20.5,5.0,6,219.5,2.0,1.0,0.0,0.0,2.0,10.0,1.0,,,1,10,txver,219.5,0.0
138,0,1,01 PANUCO,124,PANUCO,U,2814,BÃSICA,B,1,0,B1,711,337,374,196.33333333333331,24.83333333333333,5.833333333333333,20.5,5.0,6,219.5,2.0,1.0,0.0,0.0,2.0,10.0,1.0,,,1,10,podemos,2.0,0.0
139,0,1,01 PANUCO,124,PANUCO,U,2814,BÃSICA,B,1,0,B1,711,337,374,196.33333333333331,24.83333333333333,5.833333333333333,20.5,5.0,6,219.5,2.0,1.0,0.0,0.0,2.0,10.0,1.0,,,1,10,pc,1.0,0.0
140,0,1,01 PANUCO,124,PANUCO,U,2814,BÃSICA,B,1,0,B1,711,337,374,196.33333333333331,24.83333333333333,5.833333333333333,20.5,5.0,6,219.5,2.0,1.0,0.0,0.0,2.0,10.0,1.0,,,1,10,uc,0.0,0.0
141,0,1,01 PANUCO,124,PANUCO,U,2814,BÃSICA,B,1,0,B1,711,337,374,196.33333333333331,24.83333333333333,5.833333333333333,20.5,5.0,6,219.5,2.0,1.0,0.0,0.0,2.0,10.0,1.0,,,1,10,rsp,2.0,0.0
142,0,1,01 PANUCO,124,PANUCO,U,2814,BÃSICA,B,1,0,B1,711,337,374,196.33333333333331,24.83333333333333,5.833333333333333,20.5,5.0,6,219.5,2.0,1.0,0.0,0.0,2.0,10.0,1.0,,,1,10,fxm,10.0,0.0
143,0,1,01 PANUCO,124,PANUCO,U,2815,BÃSICA,B,1,0,B1,443,205,238,71.66666666666667,14.666666666666666,1.6666666666666663,15.833333333333334,5.333333333333333,2,160.83333333333334,2.0,0.0,0.0,1.0,2.0,2.0,0.0,,,0,3,pan,238.0,1.0
144,0,1,01 PANUCO,124,PANUCO,U,2815,BÃSICA,B,1,0,B1,443,205,238,71.66666666666667,14.666666666666666,1.6666666666666663,15.833333333333334,5.333333333333333,2,160.83333333333334,2.0,0.0,0.0,1.0,2.0,2.0,0.0,,,0,3,pri,71.66666666666667,1.0
145,0,1,01 PANUCO,124,PANUCO,U,2815,BÃSICA,B,1,0,B1,443,205,238,71.66666666666667,14.666666666666666,1.6666666666666663,15.833333333333334,5.333333333333333,2,160.83333333333334,2.0,0.0,0.0,1.0,2.0,2.0,0.0,,,0,3,prd,14.666666666666666,1.0
146,0,1,01 PANUCO,124,PANUCO,U,2815,BÃSICA,B,1,0,B1,443,205,238,71.66666666666667,14.666666666666666,1.6666666666666663,15.833333333333334,5.333333333333333,2,160.83333333333334,2.0,0.0,0.0,1.0,2.0,2.0,0.0,,,0,3,pvem,1.6666666666666663,1.0
147,0,1,01 PANUCO,124,PANUCO,U,2815,BÃSICA,B,1,0,B1,443,205,238,71.66666666666667,14.666666666666666,1.6666666666666663,15.833333333333334,5.333333333333333,2,160.83333333333334,2.0,0.0,0.0,1.0,2.0,2.0,0.0,,,0,3,pt,15.833333333333334,1.0
148,0,1,01 PANUCO,124,PANUCO,U,2815,BÃSICA,B,1,0,B1,443,205,238,71.66666666666667,14.666666666666666,1.6666666666666663,15.833333333333334,5.333333333333333,2,160.83333333333334,2.0,0.0,0.0,1.0,2.0,2.0,0.0,,,0,3,mc,5.333333333333333,1.0
149,0,1,01 PANUCO,124,PANUCO,U,2815,BÃSICA,B,1,0,B1,443,205,238,71.66666666666667,14.666666666666666,1.6666666666666663,15.833333333333334,5.333333333333333,2,160.83333333333334,2.0,0.0,0.0,1.0,2.0,2.0,0.0,,,0,3,morena,2.0,1.0
150,0,1,01 PANUCO,124,PANUCO,U,2815,BÃSICA,B,1,0,B1,443,205,238,71.66666666666667,14.666666666666666,1.6666666666666663,15.833333333333334,5.333333333333333,2,160.83333333333334,2.0,0.0,0.0,1.0,2.0,2.0,0.0,,,0,3,txver,160.83333333333334,1.0
151,0,1,01 PANUCO,124,PANUCO,U,2815,BÃSICA,B,1,0,B1,443,205,238,71.66666666666667,14.666666666666666,1.6666666666666663,15.833333333333334,5.333333333333333,2,160.83333333333334,2.0,0.0,0.0,1.0,2.0,2.0,0.0,,,0,3,podemos,2.0,1.0
152,0,1,01 PANUCO,124,PANUCO,U,2815,BÃSICA,B,1,0,B1,443,205,238,71.66666666666667,14.666666666666666,1.6666666666666663,15.833333333333334,5.333333333333333,2,160.83333333333334,2.0,0.0,0.0,1.0,2.0,2.0,0.0,,,0,3,pc,0.0,1.0
153,0,1,01 PANUCO,124,PANUCO,U,2815,BÃSICA,B,1,0,B1,443,205,238,71.66666666666667,14.666666666666666,1.6666666666666663,15.833333333333334,5.333333333333333,2,160.83333333333334,2.0,0.0,0.0,1.0,2.0,2.0,0.0,,,0,3,uc,0.0,1.0
154,0,1,01 PANUCO,124,PANUCO,U,2815,BÃSICA,B,1,0,B1,443,205,238,71.66666666666667,14.666666666666666,1.6666666666666663,15.833333333333334,5.333333333333333,2,160.83333333333334,2.0,0.0,0.0,1.0,2.0,2.0,0.0,,,0,3,rsp,2.0,1.0
155,0,1,01 PANUCO,124,PANUCO,U,2815,BÃSICA,B,1,0,B1,443,205,238,71.66666666666667,14.666666666666666,1.6666666666666663,15.833333333333334,5.333333333333333,2,160.83333333333334,2.0,0.0,0.0,1.0,2.0,2.0,0.0,,,0,3,fxm,2.0,1.0
156,0,1,01 PANUCO,124,PANUCO,U,2815,CONTIGUA 1,C,1,0,C1,443,207,236,48.5,8.5,3.0,10.666666666666666,4.166666666666666,2,188.16666666666663,1.0,0.0,0.0,0.0,2.0,6.0,0.0,,,0,7,pan,236.0,2.0
157,0,1,01 PANUCO,124,PANUCO,U,2815,CONTIGUA 1,C,1,0,C1,443,207,236,48.5,8.5,3.0,10.666666666666666,4.166666666666666,2,188.16666666666663,1.0,0.0,0.0,0.0,2.0,6.0,0.0,,,0,7,pri,48.5,2.0
158,0,1,01 PANUCO,124,PANUCO,U,2815,CONTIGUA 1,C,1,0,C1,443,207,236,48.5,8.5,3.0,10.666666666666666,4.166666666666666,2,188.16666666666663,1.0,0.0,0.0,0.0,2.0,6.0,0.0,,,0,7,prd,8.5,2.0
159,0,1,01 PANUCO,124,PANUCO,U,2815,CONTIGUA 1,C,1,0,C1,443,207,236,48.5,8.5,3.0,10.666666666666666,4.166666666666666,2,188.16666666666663,1.0,0.0,0.0,0.0,2.0,6.0,0.0,,,0,7,pvem,3.0,2.0
160,0,1,01 PANUCO,124,PANUCO,U,2815,CONTIGUA 1,C,1,0,C1,443,207,236,48.5,8.5,3.0,10.666666666666666,4.166666666666666,2,188.16666666666663,1.0,0.0,0.0,0.0,2.0,6.0,0.0,,,0,7,pt,10.666666666666666,2.0
161,0,1,01 PANUCO,124,PANUCO,U,2815,CONTIGUA 1,C,1,0,C1,443,207,236,48.5,8.5,3.0,10.666666666666666,4.166666666666666,2,188.16666666666663,1.0,0.0,0.0,0.0,2.0,6.0,0.0,,,0,7,mc,4.166666666666666,2.0
162,0,1,01 PANUCO,124,PANUCO,U,2815,CONTIGUA 1,C,1,0,C1,443,207,236,48.5,8.5,3.0,10.666666666666666,4.166666666666666,2,188.16666666666663,1.0,0.0,0.0,0.0,2.0,6.0,0.0,,,0,7,morena,2.0,2.0
163,0,1,01 PANUCO,124,PANUCO,U,2815,CONTIGUA 1,C,1,0,C1,443,207,236,48.5,8.5,3.0,10.666666666666666,4.166666666666666,2,188.16666666666663,1.0,0.0,0.0,0.0,2.0,6.0,0.0,,,0,7,txver,188.16666666666663,2.0
164,0,1,01 PANUCO,124,PANUCO,U,2815,CONTIGUA 1,C,1,0,C1,443,207,236,48.5,8.5,3.0,10.666666666666666,4.166666666666666,2,188.16666666666663,1.0,0.0,0.0,0.0,2.0,6.0,0.0,,,0,7,podemos,1.0,2.0
165,0,1,01 PANUCO,124,PANUCO,U,2815,CONTIGUA 1,C,1,0,C1,443,207,236,48.5,8.5,3.0,10.666666666666666,4.166666666666666,2,188.16666666666663,1.0,0.0,0.0,0.0,2.0,6.0,0.0,,,0,7,pc,0.0,2.0
166,0,1,01 PANUCO,124,PANUCO,U,2815,CONTIGUA 1,C,1,0,C1,443,207,236,48.5,8.5,3.0,10.666666666666666,4.166666666666666,2,188.16666666666663,1.0,0.0,0.0,0.0,2.0,6.0,0.0,,,0,7,uc,0.0,2.0
167,0,1,01 PANUCO,124,PANUCO,U,2815,CONTIGUA 1,C,1,0,C1,443,207,236,48.5,8.5,3.0,10.666666666666666,4.166666666666666,2,188.16666666666663,1.0,0.0,0.0,0.0,2.0,6.0,0.0,,,0,7,rsp,2.0,2.0
168,0,1,01 PANUCO,124,PANUCO,U,2815,CONTIGUA 1,C,1,0,C1,443,207,236,48.5,8.5,3.0,10.666666666666666,4.166666666666666,2,188.16666666666663,1.0,0.0,0.0,0.0,2.0,6.0,0.0,,,0,7,fxm,6.0,2.0
169,0,1,01 PANUCO,124,PANUCO,U,2816,BÃSICA,B,1,0,B1,534,255,279,69.5,18.5,2.0,10.166666666666666,3.6666666666666665,5,198.16666666666663,2.0,0.0,0.0,2.0,6.0,3.0,1.0,,,0,7,pan,279.0,3.0
170,0,1,01 PANUCO,124,PANUCO,U,2816,BÃSICA,B,1,0,B1,534,255,279,69.5,18.5,2.0,10.166666666666666,3.6666666666666665,5,198.16666666666663,2.0,0.0,0.0,2.0,6.0,3.0,1.0,,,0,7,pri,69.5,3.0
171,0,1,01 PANUCO,124,PANUCO,U,2816,BÃSICA,B,1,0,B1,534,255,279,69.5,18.5,2.0,10.166666666666666,3.6666666666666665,5,198.16666666666663,2.0,0.0,0.0,2.0,6.0,3.0,1.0,,,0,7,prd,18.5,3.0
172,0,1,01 PANUCO,124,PANUCO,U,2816,BÃSICA,B,1,0,B1,534,255,279,69.5,18.5,2.0,10.166666666666666,3.6666666666666665,5,198.16666666666663,2.0,0.0,0.0,2.0,6.0,3.0,1.0,,,0,7,pvem,2.0,3.0
173,0,1,01 PANUCO,124,PANUCO,U,2816,BÃSICA,B,1,0,B1,534,255,279,69.5,18.5,2.0,10.166666666666666,3.6666666666666665,5,198.16666666666663,2.0,0.0,0.0,2.0,6.0,3.0,1.0,,,0,7,pt,10.166666666666666,3.0
174,0,1,01 PANUCO,124,PANUCO,U,2816,BÃSICA,B,1,0,B1,534,255,279,69.5,18.5,2.0,10.166666666666666,3.6666666666666665,5,198.16666666666663,2.0,0.0,0.0,2.0,6.0,3.0,1.0,,,0,7,mc,3.6666666666666665,3.0
175,0,1,01 PANUCO,124,PANUCO,U,2816,BÃSICA,B,1,0,B1,534,255,279,69.5,18.5,2.0,10.166666666666666,3.6666666666666665,5,198.16666666666663,2.0,0.0,0.0,2.0,6.0,3.0,1.0,,,0,7,morena,5.0,3.0
176,0,1,01 PANUCO,124,PANUCO,U,2816,BÃSICA,B,1,0,B1,534,255,279,69.5,18.5,2.0,10.166666666666666,3.6666666666666665,5,198.16666666666663,2.0,0.0,0.0,2.0,6.0,3.0,1.0,,,0,7,txver,198.16666666666663,3.0
177,0,1,01 PANUCO,124,PANUCO,U,2816,BÃSICA,B,1,0,B1,534,255,279,69.5,18.5,2.0,10.166666666666666,3.6666666666666665,5,198.16666666666663,2.0,0.0,0.0,2.0,6.0,3.0,1.0,,,0,7,podemos,2.0,3.0
178,0,1,01 PANUCO,124,PANUCO,U,2816,BÃSICA,B,1,0,B1,534,255,279,69.5,18.5,2.0,10.166666666666666,3.6666666666666665,5,198.16666666666663,2.0,0.0,0.0,2.0,6.0,3.0,1.0,,,0,7,pc,0.0,3.0
179,0,1,01 PANUCO,124,PANUCO,U,2816,BÃSICA,B,1,0,B1,534,255,279,69.5,18.5,2.0,10.166666666666666,3.6666666666666665,5,198.16666666666663,2.0,0.0,0.0,2.0,6.0,3.0,1.0,,,0,7,uc,0.0,3.0
180,0,1,01 PANUCO,124,PANUCO,U,2816,BÃSICA,B,1,0,B1,534,255,279,69.5,18.5,2.0,10.166666666666666,3.6666666666666665,5,198.16666666666663,2.0,0.0,0.0,2.0,6.0,3.0,1.0,,,0,7,rsp,6.0,3.0
181,0,1,01 PANUCO,124,PANUCO,U,2816,BÃSICA,B,1,0,B1,534,255,279,69.5,18.5,2.0,10.166666666666666,3.6666666666666665,5,198.16666666666663,2.0,0.0,0.0,2.0,6.0,3.0,1.0,,,0,7,fxm,3.0,3.0
182,0,1,01 PANUCO,124,PANUCO,U,2816,CONTIGUA 1,C,1,0,C1,534,244,290,85.83333333333333,8.833333333333334,3.333333333333333,16.833333333333336,9.333333333333334,1,193.83333333333331,4.0,0.0,1.0,4.0,2.0,3.0,2.0,,,0,7,pan,290.0,4.0
183,0,1,01 PANUCO,124,PANUCO,U,2816,CONTIGUA 1,C,1,0,C1,534,244,290,85.83333333333333,8.833333333333334,3.333333333333333,16.833333333333336,9.333333333333334,1,193.83333333333331,4.0,0.0,1.0,4.0,2.0,3.0,2.0,,,0,7,pri,85.83333333333333,4.0
184,0,1,01 PANUCO,124,PANUCO,U,2816,CONTIGUA 1,C,1,0,C1,534,244,290,85.83333333333333,8.833333333333334,3.333333333333333,16.833333333333336,9.333333333333334,1,193.83333333333331,4.0,0.0,1.0,4.0,2.0,3.0,2.0,,,0,7,prd,8.833333333333334,4.0
185,0,1,01 PANUCO,124,PANUCO,U,2816,CONTIGUA 1,C,1,0,C1,534,244,290,85.83333333333333,8.833333333333334,3.333333333333333,16.833333333333336,9.333333333333334,1,193.83333333333331,4.0,0.0,1.0,4.0,2.0,3.0,2.0,,,0,7,pvem,3.333333333333333,4.0
186,0,1,01 PANUCO,124,PANUCO,U,2816,CONTIGUA 1,C,1,0,C1,534,244,290,85.83333333333333,8.833333333333334,3.333333333333333,16.833333333333336,9.333333333333334,1,193.83333333333331,4.0,0.0,1.0,4.0,2.0,3.0,2.0,,,0,7,pt,16.833333333333336,4.0
187,0,1,01 PANUCO,124,PANUCO,U,2816,CONTIGUA 1,C,1,0,C1,534,244,290,85.83333333333333,8.833333333333334,3.333333333333333,16.833333333333336,9.333333333333334,1,193.83333333333331,4.0,0.0,1.0,4.0,2.0,3.0,2.0,,,0,7,mc,9.333333333333334,4.0
188,0,1,01 PANUCO,124,PANUCO,U,2816,CONTIGUA 1,C,1,0,C1,534,244,290,85.83333333333333,8.833333333333334,3.333333333333333,16.833333333333336,9.333333333333334,1,193.83333333333331,4.0,0.0,1.0,4.0,2.0,3.0,2.0,,,0,7,morena,1.0,4.0
189,0,1,01 PANUCO,124,PANUCO,U,2816,CONTIGUA 1,C,1,0,C1,534,244,290,85.83333333333333,8.833333333333334,3.333333333333333,16.833333333333336,9.333333333333334,1,193.83333333333331,4.0,0.0,1.0,4.0,2.0,3.0,2.0,,,0,7,txver,193.83333333333331,4.0
190,0,1,01 PANUCO,124,PANUCO,U,2816,CONTIGUA 1,C,1,0,C1,534,244,290,85.83333333333333,8.833333333333334,3.333333333333333,16.833333333333336,9.333333333333334,1,193.83333333333331,4.0,0.0,1.0,4.0,2.0,3.0,2.0,,,0,7,podemos,4.0,4.0
191,0,1,01 PANUCO,124,PANUCO,U,2816,CONTIGUA 1,C,1,0,C1,534,244,290,85.83333333333333,8.833333333333334,3.333333333333333,16.833333333333336,9.333333333333334,1,193.83333333333331,4.0,0.0,1.0,4.0,2.0,3.0,2.0,,,0,7,pc,0.0,4.0
192,0,1,01 PANUCO,124,PANUCO,U,2816,CONTIGUA 1,C,1,0,C1,534,244,290,85.83333333333333,8.833333333333334,3.333333333333333,16.833333333333336,9.333333333333334,1,193.83333333333331,4.0,0.0,1.0,4.0,2.0,3.0,2.0,,,0,7,uc,1.0,4.0
193,0,1,01 PANUCO,124,PANUCO,U,2816,CONTIGUA 1,C,1,0,C1,534,244,290,85.83333333333333,8.833333333333334,3.333333333333333,16.833333333333336,9.333333333333334,1,193.83333333333331,4.0,0.0,1.0,4.0,2.0,3.0,2.0,,,0,7,rsp,2.0,4.0
194,0,1,01 PANUCO,124,PANUCO,U,2816,CONTIGUA 1,C,1,0,C1,534,244,290,85.83333333333333,8.833333333333334,3.333333333333333,16.833333333333336,9.333333333333334,1,193.83333333333331,4.0,0.0,1.0,4.0,2.0,3.0,2.0,,,0,7,fxm,3.0,4.0
195,0,1,01 PANUCO,124,PANUCO,U,2814,BÃSICA,B,1,0,B1,711,337,374,196.33333333333331,24.83333333333333,5.833333333333333,20.5,5.0,6,219.5,2.0,1.0,0.0,0.0,2.0,10.0,1.0,,,1,10,pan,374.0,0.0
196,0,1,01 PANUCO,124,PANUCO,U,2814,BÃSICA,B,1,0,B1,711,337,374,196.33333333333331,24.83333333333333,5.833333333333333,20.5,5.0,6,219.5,2.0,1.0,0.0,0.0,2.0,10.0,1.0,,,1,10,pri,196.33333333333331,0.0
197,0,1,01 PANUCO,124,PANUCO,U,2814,BÃSICA,B,1,0,B1,711,337,374,196.33333333333331,24.83333333333333,5.833333333333333,20.5,5.0,6,219.5,2.0,1.0,0.0,0.0,2.0,10.0,1.0,,,1,10,prd,24.83333333333333,0.0
198,0,1,01 PANUCO,124,PANUCO,U,2814,BÃSICA,B,1,0,B1,711,337,374,196.33333333333331,24.83333333333333,5.833333333333333,20.5,5.0,6,219.5,2.0,1.0,0.0,0.0,2.0,10.0,1.0,,,1,10,pvem,5.833333333333333,0.0
199,0,1,01 PANUCO,124,PANUCO,U,2814,BÃSICA,B,1,0,B1,711,337,374,196.33333333333331,24.83333333333333,5.833333333333333,20.5,5.0,6,219.5,2.0,1.0,0.0,0.0,2.0,10.0,1.0,,,1,10,pt,20.5,0.0
200,0,1,01 PANUCO,124,PANUCO,U,2814,BÃSICA,B,1,0,B1,711,337,374,196.33333333333331,24.83333333333333,5.833333333333333,20.5,5.0,6,219.5,2.0,1.0,0.0,0.0,2.0,10.0,1.0,,,1,10,mc,5.0,0.0
201,0,1,01 PANUCO,124,PANUCO,U,2814,BÃSICA,B,1,0,B1,711,337,374,196.33333333333331,24.83333333333333,5.833333333333333,20.5,5.0,6,219.5,2.0,1.0,0.0,0.0,2.0,10.0,1.0,,,1,10,morena,6.0,0.0
202,0,1,01 PANUCO,124,PANUCO,U,2814,BÃSICA,B,1,0,B1,711,337,374,196.33333333333331,24.83333333333333,5.833333333333333,20.5,5.0,6,219.5,2.0,1.0,0.0,0.0,2.0,10.0,1.0,,,1,10,txver,219.5,0.0
203,0,1,01 PANUCO,124,PANUCO,U,2814,BÃSICA,B,1,0,B1,711,337,374,196.33333333333331,24.83333333333333,5.833333333333333,20.5,5.0,6,219.5,2.0,1.0,0.0,0.0,2.0,10.0,1.0,,,1,10,podemos,2.0,0.0
204,0,1,01 PANUCO,124,PANUCO,U,2814,BÃSICA,B,1,0,B1,711,337,374,196.33333333333331,24.83333333333333,5.833333333333333,20.5,5.0,6,219.5,2.0,1.0,0.0,0.0,2.0,10.0,1.0,,,1,10,pc,1.0,0.0
205,0,1,01 PANUCO,124,PANUCO,U,2814,BÃSICA,B,1,0,B1,711,337,374,196.33333333333331,24.83333333333333,5.833333333333333,20.5,5.0,6,219.5,2.0,1.0,0.0,0.0,2.0,10.0,1.0,,,1,10,uc,0.0,0.0
206,0,1,01 PANUCO,124,PANUCO,U,2814,BÃSICA,B,1,0,B1,711,337,374,196.33333333333331,24.83333333333333,5.833333333333333,20.5,5.0,6,219.5,2.0,1.0,0.0,0.0,2.0,10.0,1.0,,,1,10,rsp,2.0,0.0
207,0,1,01 PANUCO,124,PANUCO,U,2814,BÃSICA,B,1,0,B1,711,337,374,196.33333333333331,24.83333333333333,5.833333333333333,20.5,5.0,6,219.5,2.0,1.0,0.0,0.0,2.0,10.0,1.0,,,1,10,fxm,10.0,0.0
208,0,1,01 PANUCO,124,PANUCO,U,2815,BÃSICA,B,1,0,B1,443,205,238,71.66666666666667,14.666666666666666,1.6666666666666663,15.833333333333334,5.333333333333333,2,160.83333333333334,2.0,0.0,0.0,1.0,2.0,2.0,0.0,,,0,3,pan,238.0,1.0
209,0,1,01 PANUCO,124,PANUCO,U,2815,BÃSICA,B,1,0,B1,443,205,238,71.66666666666667,14.666666666666666,1.6666666666666663,15.833333333333334,5.333333333333333,2,160.83333333333334,2.0,0.0,0.0,1.0,2.0,2.0,0.0,,,0,3,pri,71.66666666666667,1.0
210,0,1,01 PANUCO,124,PANUCO,U,2815,BÃSICA,B,1,0,B1,443,205,238,71.66666666666667,14.666666666666666,1.6666666666666663,15.833333333333334,5.333333333333333,2,160.83333333333334,2.0,0.0,0.0,1.0,2.0,2.0,0.0,,,0,3,prd,14.666666666666666,1.0
211,0,1,01 PANUCO,124,PANUCO,U,2815,BÃSICA,B,1,0,B1,443,205,238,71.66666666666667,14.666666666666666,1.6666666666666663,15.833333333333334,5.333333333333333,2,160.83333333333334,2.0,0.0,0.0,1.0,2.0,2.0,0.0,,,0,3,pvem,1.6666666666666663,1.0
212,0,1,01 PANUCO,124,PANUCO,U,2815,BÃSICA,B,1,0,B1,443,205,238,71.66666666666667,14.666666666666666,1.6666666666666663,15.833333333333334,5.333333333333333,2,160.83333333333334,2.0,0.0,0.0,1.0,2.0,2.0,0.0,,,0,3,pt,15.833333333333334,1.0
213,0,1,01 PANUCO,124,PANUCO,U,2815,BÃSICA,B,1,0,B1,443,205,238,71.66666666666667,14.666666666666666,1.6666666666666663,15.833333333333334,5.333333333333333,2,160.83333333333334,2.0,0.0,0.0,1.0,2.0,2.0,0.0,,,0,3,mc,5.333333333333333,1.0
214,0,1,01 PANUCO,124,PANUCO,U,2815,BÃSICA,B,1,0,B1,443,205,238,71.66666666666667,14.666666666666666,1.6666666666666663,15.833333333333334,5.333333333333333,2,160.83333333333334,2.0,0.0,0.0,1.0,2.0,2.0,0.0,,,0,3,morena,2.0,1.0
215,0,1,01 PANUCO,124,PANUCO,U,2815,BÃSICA,B,1,0,B1,443,205,238,71.66666666666667,14.666666666666666,1.6666666666666663,15.833333333333334,5.333333333333333,2,160.83333333333334,2.0,0.0,0.0,1.0,2.0,2.0,0.0,,,0,3,txver,160.83333333333334,1.0
216,0,1,01 PANUCO,124,PANUCO,U,2815,BÃSICA,B,1,0,B1,443,205,238,71.66666666666667,14.666666666666666,1.6666666666666663,15.833333333333334,5.333333333333333,2,160.83333333333334,2.0,0.0,0.0,1.0,2.0,2.0,0.0,,,0,3,podemos,2.0,1.0
217,0,1,01 PANUCO,124,PANUCO,U,2815,BÃSICA,B,1,0,B1,443,205,238,71.66666666666667,14.666666666666666,1.6666666666666663,15.833333333333334,5.333333333333333,2,160.83333333333334,2.0,0.0,0.0,1.0,2.0,2.0,0.0,,,0,3,pc,0.0,1.0
218,0,1,01 PANUCO,124,PANUCO,U,2815,BÃSICA,B,1,0,B1,443,205,238,71.66666666666667,14.666666666666666,1.6666666666666663,15.833333333333334,5.333333333333333,2,160.83333333333334,2.0,0.0,0.0,1.0,2.0,2.0,0.0,,,0,3,uc,0.0,1.0
219,0,1,01 PANUCO,124,PANUCO,U,2815,BÃSICA,B,1,0,B1,443,205,238,71.66666666666667,14.666666666666666,1.6666666666666663,15.833333333333334,5.333333333333333,2,160.83333333333334,2.0,0.0,0.0,1.0,2.0,2.0,0.0,,,0,3,rsp,2.0,1.0
220,0,1,01 PANUCO,124,PANUCO,U,2815,BÃSICA,B,1,0,B1,443,205,238,71.66666666666667,14.666666666666666,1.6666666666666663,15.833333333333334,5.333333333333333,2,160.83333333333334,2.0,0.0,0.0,1.0,2.0,2.0,0.0,,,0,3,fxm,2.0,1.0
221,0,1,01 PANUCO,124,PANUCO,U,2815,CONTIGUA 1,C,1,0,C1,443,207,236,48.5,8.5,3.0,10.666666666666666,4.166666666666666,2,188.16666666666663,1.0,0.0,0.0,0.0,2.0,6.0,0.0,,,0,7,pan,236.0,2.0
222,0,1,01 PANUCO,124,PANUCO,U,2815,CONTIGUA 1,C,1,0,C1,443,207,236,48.5,8.5,3.0,10.666666666666666,4.166666666666666,2,188.16666666666663,1.0,0.0,0.0,0.0,2.0,6.0,0.0,,,0,7,pri,48.5,2.0
223,0,1,01 PANUCO,124,PANUCO,U,2815,CONTIGUA 1,C,1,0,C1,443,207,236,48.5,8.5,3.0,10.666666666666666,4.166666666666666,2,188.16666666666663,1.0,0.0,0.0,0.0,2.0,6.0,0.0,,,0,7,prd,8.5,2.0
224,0,1,01 PANUCO,124,PANUCO,U,2815,CONTIGUA 1,C,1,0,C1,443,207,236,48.5,8.5,3.0,10.666666666666666,4.166666666666666,2,188.16666666666663,1.0,0.0,0.0,0.0,2.0,6.0,0.0,,,0,7,pvem,3.0,2.0
225,0,1,01 PANUCO,124,PANUCO,U,2815,CONTIGUA 1,C,1,0,C1,443,207,236,48.5,8.5,3.0,10.666666666666666,4.166666666666666,2,188.16666666666663,1.0,0.0,0.0,0.0,2.0,6.0,0.0,,,0,7,pt,10.666666666666666,2.0
226,0,1,01 PANUCO,124,PANUCO,U,2815,CONTIGUA 1,C,1,0,C1,443,207,236,48.5,8.5,3.0,10.666666666666666,4.166666666666666,2,188.16666666666663,1.0,0.0,0.0,0.0,2.0,6.0,0.0,,,0,7,mc,4.166666666666666,2.0
227,0,1,01 PANUCO,124,PANUCO,U,2815,CONTIGUA 1,C,1,0,C1,443,207,236,48.5,8.5,3.0,10.666666666666666,4.166666666666666,2,188.16666666666663,1.0,0.0,0.0,0.0,2.0,6.0,0.0,,,0,7,morena,2.0,2.0
228,0,1,01 PANUCO,124,PANUCO,U,2815,CONTIGUA 1,C,1,0,C1,443,207,236,48.5,8.5,3.0,10.666666666666666,4.166666666666666,2,188.16666666666663,1.0,0.0,0.0,0.0,2.0,6.0,0.0,,,0,7,txver,188.16666666666663,2.0
229,0,1,01 PANUCO,124,PANUCO,U,2815,CONTIGUA 1,C,1,0,C1,443,207,236,48.5,8.5,3.0,10.666666666666666,4.166666666666666,2,188.16666666666663,1.0,0.0,0.0,0.0,2.0,6.0,0.0,,,0,7,podemos,1.0,2.0
230,0,1,01 PANUCO,124,PANUCO,U,2815,CONTIGUA 1,C,1,0,C1,443,207,236,48.5,8.5,3.0,10.666666666666666,4.166666666666666,2,188.16666666666663,1.0,0.0,0.0,0.0,2.0,6.0,0.0,,,0,7,pc,0.0,2.0
231,0,1,01 PANUCO,124,PANUCO,U,2815,CONTIGUA 1,C,1,0,C1,443,207,236,48.5,8.5,3.0,10.666666666666666,4.166666666666666,2,188.16666666666663,1.0,0.0,0.0,0.0,2.0,6.0,0.0,,,0,7,uc,0.0,2.0
232,0,1,01 PANUCO,124,PANUCO,U,2815,CONTIGUA 1,C,1,0,C1,443,207,236,48.5,8.5,3.0,10.666666666666666,4.166666666666666,2,188.16666666666663,1.0,0.0,0.0,0.0,2.0,6.0,0.0,,,0,7,rsp,2.0,2.0
233,0,1,01 PANUCO,124,PANUCO,U,2815,CONTIGUA 1,C,1,0,C1,443,207,236,48.5,8.5,3.0,10.666666666666666,4.166666666666666,2,188.16666666666663,1.0,0.0,0.0,0.0,2.0,6.0,0.0,,,0,7,fxm,6.0,2.0
234,0,1,01 PANUCO,124,PANUCO,U,2816,BÃSICA,B,1,0,B1,534,255,279,69.5,18.5,2.0,10.166666666666666,3.6666666666666665,5,198.16666666666663,2.0,0.0,0.0,2.0,6.0,3.0,1.0,,,0,7,pan,279.0,3.0
235,0,1,01 PANUCO,124,PANUCO,U,2816,BÃSICA,B,1,0,B1,534,255,279,69.5,18.5,2.0,10.166666666666666,3.6666666666666665,5,198.16666666666663,2.0,0.0,0.0,2.0,6.0,3.0,1.0,,,0,7,pri,69.5,3.0
236,0,1,01 PANUCO,124,PANUCO,U,2816,BÃSICA,B,1,0,B1,534,255,279,69.5,18.5,2.0,10.166666666666666,3.6666666666666665,5,198.16666666666663,2.0,0.0,0.0,2.0,6.0,3.0,1.0,,,0,7,prd,18.5,3.0
237,0,1,01 PANUCO,124,PANUCO,U,2816,BÃSICA,B,1,0,B1,534,255,279,69.5,18.5,2.0,10.166666666666666,3.6666666666666665,5,198.16666666666663,2.0,0.0,0.0,2.0,6.0,3.0,1.0,,,0,7,pvem,2.0,3.0
238,0,1,01 PANUCO,124,PANUCO,U,2816,BÃSICA,B,1,0,B1,534,255,279,69.5,18.5,2.0,10.166666666666666,3.6666666666666665,5,198.16666666666663,2.0,0.0,0.0,2.0,6.0,3.0,1.0,,,0,7,pt,10.166666666666666,3.0
239,0,1,01 PANUCO,124,PANUCO,U,2816,BÃSICA,B,1,0,B1,534,255,279,69.5,18.5,2.0,10.166666666666666,3.6666666666666665,5,198.16666666666663,2.0,0.0,0.0,2.0,6.0,3.0,1.0,,,0,7,mc,3.6666666666666665,3.0
240,0,1,01 PANUCO,124,PANUCO,U,2816,BÃSICA,B,1,0,B1,534,255,279,69.5,18.5,2.0,10.166666666666666,3.6666666666666665,5,198.16666666666663,2.0,0.0,0.0,2.0,6.0,3.0,1.0,,,0,7,morena,5.0,3.0
241,0,1,01 PANUCO,124,PANUCO,U,2816,BÃSICA,B,1,0,B1,534,255,279,69.5,18.5,2.0,10.166666666666666,3.6666666666666665,5,198.16666666666663,2.0,0.0,0.0,2.0,6.0,3.0,1.0,,,0,7,txver,198.16666666666663,3.0
242,0,1,01 PANUCO,124,PANUCO,U,2816,BÃSICA,B,1,0,B1,534,255,279,69.5,18.5,2.0,10.166666666666666,3.6666666666666665,5,198.16666666666663,2.0,0.0,0.0,2.0,6.0,3.0,1.0,,,0,7,podemos,2.0,3.0
243,0,1,01 PANUCO,124,PANUCO,U,2816,BÃSICA,B,1,0,B1,534,255,279,69.5,18.5,2.0,10.166666666666666,3.6666666666666665,5,198.16666666666663,2.0,0.0,0.0,2.0,6.0,3.0,1.0,,,0,7,pc,0.0,3.0
244,0,1,01 PANUCO,124,PANUCO,U,2816,BÃSICA,B,1,0,B1,534,255,279,69.5,18.5,2.0,10.166666666666666,3.6666666666666665,5,198.16666666666663,2.0,0.0,0.0,2.0,6.0,3.0,1.0,,,0,7,uc,0.0,3.0
245,0,1,01 PANUCO,124,PANUCO,U,2816,BÃSICA,B,1,0,B1,534,255,279,69.5,18.5,2.0,10.166666666666666,3.6666666666666665,5,198.16666666666663,2.0,0.0,0.0,2.0,6.0,3.0,1.0,,,0,7,rsp,6.0,3.0
246,0,1,01 PANUCO,124,PANUCO,U,2816,BÃSICA,B,1,0,B1,534,255,279,69.5,18.5,2.0,10.166666666666666,3.6666666666666665,5,198.16666666666663,2.0,0.0,0.0,2.0,6.0,3.0,1.0,,,0,7,fxm,3.0,3.0
247,0,1,01 PANUCO,124,PANUCO,U,2816,CONTIGUA 1,C,1,0,C1,534,244,290,85.83333333333333,8.833333333333334,3.333333333333333,16.833333333333336,9.333333333333334,1,193.83333333333331,4.0,0.0,1.0,4.0,2.0,3.0,2.0,,,0,7,pan,290.0,4.0
248,0,1,01 PANUCO,124,PANUCO,U,2816,CONTIGUA 1,C,1,0,C1,534,244,290,85.83333333333333,8.833333333333334,3.333333333333333,16.833333333333336,9.333333333333334,1,193.83333333333331,4.0,0.0,1.0,4.0,2.0,3.0,2.0,,,0,7,pri,85.83333333333333,4.0
249,0,1,01 PANUCO,124,PANUCO,U,2816,CONTIGUA 1,C,1,0,C1,534,244,290,85.83333333333333,8.833333333333334,3.333333333333333,16.833333333333336,9.333333333333334,1,193.83333333333331,4.0,0.0,1.0,4.0,2.0,3.0,2.0,,,0,7,prd,8.833333333333334,4.0
250,0,1,01 PANUCO,124,PANUCO,U,2816,CONTIGUA 1,C,1,0,C1,534,244,290,85.83333333333333,8.833333333333334,3.333333333333333,16.833333333333336,9.333333333333334,1,193.83333333333331,4.0,0.0,1.0,4.0,2.0,3.0,2.0,,,0,7,pvem,3.333333333333333,4.0
251,0,1,01 PANUCO,124,PANUCO,U,2816,CONTIGUA 1,C,1,0,C1,534,244,290,85.83333333333333,8.833333333333334,3.333333333333333,16.833333333333336,9.333333333333334,1,193.83333333333331,4.0,0.0,1.0,4.0,2.0,3.0,2.0,,,0,7,pt,16.833333333333336,4.0
252,0,1,01 PANUCO,124,PANUCO,U,2816,CONTIGUA 1,C,1,0,C1,534,244,290,85.83333333333333,8.833333333333334,3.333333333333333,16.833333333333336,9.333333333333334,1,193.83333333333331,4.0,0.0,1.0,4.0,2.0,3.0,2.0,,,0,7,mc,9.333333333333334,4.0
253,0,1,01 PANUCO,124,PANUCO,U,2816,CONTIGUA 1,C,1,0,C1,534,244,290,85.83333333333333,8.833333333333334,3.333333333333333,16.833333333333336,9.333333333333334,1,193.83333333333331,4.0,0.0,1.0,4.0,2.0,3.0,2.0,,,0,7,morena,1.0,4.0
254,0,1,01 PANUCO,124,PANUCO,U,2816,CONTIGUA 1,C,1,0,C1,534,244,290,85.83333333333333,8.833333333333334,3.333333333333333,16.833333333333336,9.333333333333334,1,193.83333333333331,4.0,0.0,1.0,4.0,2.0,3.0,2.0,,,0,7,txver,193.83333333333331,4.0
255,0,1,01 PANUCO,124,PANUCO,U,2816,CONTIGUA 1,C,1,0,C1,534,244,290,85.83333333333333,8.833333333333334,3.333333333333333,16.833333333333336,9.333333333333334,1,193.83333333333331,4.0,0.0,1.0,4.0,2.0,3.0,2.0,,,0,7,podemos,4.0,4.0
256,0,1,01 PANUCO,124,PANUCO,U,2816,CONTIGUA 1,C,1,0,C1,534,244,290,85.83333333333333,8.833333333333334,3.333333333333333,16.833333333333336,9.333333333333334,1,193.83333333333331,4.0,0.0,1.0,4.0,2.0,3.0,2.0,,,0,7,pc,0.0,4.0
257,0,1,01 PANUCO,124,PANUCO,U,2816,CONTIGUA 1,C,1,0,C1,534,244,290,85.83333333333333,8.833333333333334,3.333333333333333,16.833333333333336,9.333333333333334,1,193.83333333333331,4.0,0.0,1.0,4.0,2.0,3.0,2.0,,,0,7,uc,1.0,4.0
258,0,1,01 PANUCO,124,PANUCO,U,2816,CONTIGUA 1,C,1,0,C1,534,244,290,85.83333333333333,8.833333333333334,3.333333333333333,16.833333333333336,9.333333333333334,1,193.83333333333331,4.0,0.0,1.0,4.0,2.0,3.0,2.0,,,0,7,rsp,2.0,4.0
259,0,1,01 PANUCO,124,PANUCO,U,2816,CONTIGUA 1,C,1,0,C1,534,244,290,85.83333333333333,8.833333333333334,3.333333333333333,16.833333333333336,9.333333333333334,1,193.83333333333331,4.0,0.0,1.0,4.0,2.0,3.0,2.0,,,0,7,fxm,3.0,4.0
260,0,1,01 PANUCO,124,PANUCO,U,2814,BÃSICA,B,1,0,B1,711,337,374,196.33333333333331,24.83333333333333,5.833333333333333,20.5,5.0,6,219.5,2.0,1.0,0.0,0.0,2.0,10.0,1.0,,,1,10,pan,374.0,0.0
261,0,1,01 PANUCO,124,PANUCO,U,2814,BÃSICA,B,1,0,B1,711,337,374,196.33333333333331,24.83333333333333,5.833333333333333,20.5,5.0,6,219.5,2.0,1.0,0.0,0.0,2.0,10.0,1.0,,,1,10,pri,196.33333333333331,0.0
262,0,1,01 PANUCO,124,PANUCO,U,2814,BÃSICA,B,1,0,B1,711,337,374,196.33333333333331,24.83333333333333,5.833333333333333,20.5,5.0,6,219.5,2.0,1.0,0.0,0.0,2.0,10.0,1.0,,,1,10,prd,24.83333333333333,0.0
263,0,1,01 PANUCO,124,PANUCO,U,2814,BÃSICA,B,1,0,B1,711,337,374,196.33333333333331,24.83333333333333,5.833333333333333,20.5,5.0,6,219.5,2.0,1.0,0.0,0.0,2.0,10.0,1.0,,,1,10,pvem,5.833333333333333,0.0
264,0,1,01 PANUCO,124,PANUCO,U,2814,BÃSICA,B,1,0,B1,711,337,374,196.33333333333331,24.83333333333333,5.833333333333333,20.5,5.0,6,219.5,2.0,1.0,0.0,0.0,2.0,10.0,1.0,,,1,10,pt,20.5,0.0
265,0,1,01 PANUCO,124,PANUCO,U,2814,BÃSICA,B,1,0,B1,711,337,374,196.33333333333331,24.83333333333333,5.833333333333333,20.5,5.0,6,219.5,2.0,1.0,0.0,0.0,2.0,10.0,1.0,,,1,10,mc,5.0,0.0
266,0,1,01 PANUCO,124,PANUCO,U,2814,BÃSICA,B,1,0,B1,711,337,374,196.33333333333331,24.83333333333333,5.833333333333333,20.5,5.0,6,219.5,2.0,1.0,0.0,0.0,2.0,10.0,1.0,,,1,10,morena,6.0,0.0
267,0,1,01 PANUCO,124,PANUCO,U,2814,BÃSICA,B,1,0,B1,711,337,374,196.33333333333331,24.83333333333333,5.833333333333333,20.5,5.0,6,219.5,2.0,1.0,0.0,0.0,2.0,10.0,1.0,,,1,10,txver,219.5,0.0
268,0,1,01 PANUCO,124,PANUCO,U,2814,BÃSICA,B,1,0,B1,711,337,374,196.33333333333331,24.83333333333333,5.833333333333333,20.5,5.0,6,219.5,2.0,1.0,0.0,0.0,2.0,10.0,1.0,,,1,10,podemos,2.0,0.0
269,0,1,01 PANUCO,124,PANUCO,U,2814,BÃSICA,B,1,0,B1,711,337,374,196.33333333333331,24.83333333333333,5.833333333333333,20.5,5.0,6,219.5,2.0,1.0,0.0,0.0,2.0,10.0,1.0,,,1,10,pc,1.0,0.0
270,0,1,01 PANUCO,124,PANUCO,U,2814,BÃSICA,B,1,0,B1,711,337,374,196.33333333333331,24.83333333333333,5.833333333333333,20.5,5.0,6,219.5,2.0,1.0,0.0,0.0,2.0,10.0,1.0,,,1,10,uc,0.0,0.0
271,0,1,01 PANUCO,124,PANUCO,U,2814,BÃSICA,B,1,0,B1,711,337,374,196.33333333333331,24.83333333333333,5.833333333333333,20.5,5.0,6,219.5,2.0,1.0,0.0,0.0,2.0,10.0,1.0,,,1,10,rsp,2.0,0.0
272,0,1,01 PANUCO,124,PANUCO,U,2814,BÃSICA,B,1,0,B1,711,337,374,196.33333333333331,24.83333333333333,5.833333333333333,20.5,5.0,6,219.5,2.0,1.0,0.0,0.0,2.0,10.0,1.0,,,1,10,fxm,10.0,0.0
273,0,1,01 PANUCO,124,PANUCO,U,2815,BÃSICA,B,1,0,B1,443,205,238,71.66666666666667,14.666666666666666,1.6666666666666663,15.833333333333334,5.333333333333333,2,160.83333333333334,2.0,0.0,0.0,1.0,2.0,2.0,0.0,,,0,3,pan,238.0,1.0
274,0,1,01 PANUCO,124,PANUCO,U,2815,BÃSICA,B,1,0,B1,443,205,238,71.66666666666667,14.666666666666666,1.6666666666666663,15.833333333333334,5.333333333333333,2,160.83333333333334,2.0,0.0,0.0,1.0,2.0,2.0,0.0,,,0,3,pri,71.66666666666667,1.0
275,0,1,01 PANUCO,124,PANUCO,U,2815,BÃSICA,B,1,0,B1,443,205,238,71.66666666666667,14.666666666666666,1.6666666666666663,15.833333333333334,5.333333333333333,2,160.83333333333334,2.0,0.0,0.0,1.0,2.0,2.0,0.0,,,0,3,prd,14.666666666666666,1.0
276,0,1,01 PANUCO,124,PANUCO,U,2815,BÃSICA,B,1,0,B1,443,205,238,71.66666666666667,14.666666666666666,1.6666666666666663,15.833333333333334,5.333333333333333,2,160.83333333333334,2.0,0.0,0.0,1.0,2.0,2.0,0.0,,,0,3,pvem,1.6666666666666663,1.0
277,0,1,01 PANUCO,124,PANUCO,U,2815,BÃSICA,B,1,0,B1,443,205,238,71.66666666666667,14.666666666666666,1.6666666666666663,15.833333333333334,5.333333333333333,2,160.83333333333334,2.0,0.0,0.0,1.0,2.0,2.0,0.0,,,0,3,pt,15.833333333333334,1.0
278,0,1,01 PANUCO,124,PANUCO,U,2815,BÃSICA,B,1,0,B1,443,205,238,71.66666666666667,14.666666666666666,1.6666666666666663,15.833333333333334,5.333333333333333,2,160.83333333333334,2.0,0.0,0.0,1.0,2.0,2.0,0.0,,,0,3,mc,5.333333333333333,1.0
279,0,1,01 PANUCO,124,PANUCO,U,2815,BÃSICA,B,1,0,B1,443,205,238,71.66666666666667,14.666666666666666,1.6666666666666663,15.833333333333334,5.333333333333333,2,160.83333333333334,2.0,0.0,0.0,1.0,2.0,2.0,0.0,,,0,3,morena,2.0,1.0
280,0,1,01 PANUCO,124,PANUCO,U,2815,BÃSICA,B,1,0,B1,443,205,238,71.66666666666667,14.666666666666666,1.6666666666666663,15.833333333333334,5.333333333333333,2,160.83333333333334,2.0,0.0,0.0,1.0,2.0,2.0,0.0,,,0,3,txver,160.83333333333334,1.0
281,0,1,01 PANUCO,124,PANUCO,U,2815,BÃSICA,B,1,0,B1,443,205,238,71.66666666666667,14.666666666666666,1.6666666666666663,15.833333333333334,5.333333333333333,2,160.83333333333334,2.0,0.0,0.0,1.0,2.0,2.0,0.0,,,0,3,podemos,2.0,1.0
282,0,1,01 PANUCO,124,PANUCO,U,2815,BÃSICA,B,1,0,B1,443,205,238,71.66666666666667,14.666666666666666,1.6666666666666663,15.833333333333334,5.333333333333333,2,160.83333333333334,2.0,0.0,0.0,1.0,2.0,2.0,0.0,,,0,3,pc,0.0,1.0
283,0,1,01 PANUCO,124,PANUCO,U,2815,BÃSICA,B,1,0,B1,443,205,238,71.66666666666667,14.666666666666666,1.6666666666666663,15.833333333333334,5.333333333333333,2,160.83333333333334,2.0,0.0,0.0,1.0,2.0,2.0,0.0,,,0,3,uc,0.0,1.0
284,0,1,01 PANUCO,124,PANUCO,U,2815,BÃSICA,B,1,0,B1,443,205,238,71.66666666666667,14.666666666666666,1.6666666666666663,15.833333333333334,5.333333333333333,2,160.83333333333334,2.0,0.0,0.0,1.0,2.0,2.0,0.0,,,0,3,rsp,2.0,1.0
285,0,1,01 PANUCO,124,PANUCO,U,2815,BÃSICA,B,1,0,B1,443,205,238,71.66666666666667,14.666666666666666,1.6666666666666663,15.833333333333334,5.333333333333333,2,160.83333333333334,2.0,0.0,0.0,1.0,2.0,2.0,0.0,,,0,3,fxm,2.0,1.0
286,0,1,01 PANUCO,124,PANUCO,U,2815,CONTIGUA 1,C,1,0,C1,443,207,236,48.5,8.5,3.0,10.666666666666666,4.166666666666666,2,188.16666666666663,1.0,0.0,0.0,0.0,2.0,6.0,0.0,,,0,7,pan,236.0,2.0
287,0,1,01 PANUCO,124,PANUCO,U,2815,CONTIGUA 1,C,1,0,C1,443,207,236,48.5,8.5,3.0,10.666666666666666,4.166666666666666,2,188.16666666666663,1.0,0.0,0.0,0.0,2.0,6.0,0.0,,,0,7,pri,48.5,2.0
288,0,1,01 PANUCO,124,PANUCO,U,2815,CONTIGUA 1,C,1,0,C1,443,207,236,48.5,8.5,3.0,10.666666666666666,4.166666666666666,2,188.16666666666663,1.0,0.0,0.0,0.0,2.0,6.0,0.0,,,0,7,prd,8.5,2.0
289,0,1,01 PANUCO,124,PANUCO,U,2815,CONTIGUA 1,C,1,0,C1,443,207,236,48.5,8.5,3.0,10.666666666666666,4.166666666666666,2,188.16666666666663,1.0,0.0,0.0,0.0,2.0,6.0,0.0,,,0,7,pvem,3.0,2.0
290,0,1,01 PANUCO,124,PANUCO,U,2815,CONTIGUA 1,C,1,0,C1,443,207,236,48.5,8.5,3.0,10.666666666666666,4.166666666666666,2,188.16666666666663,1.0,0.0,0.0,0.0,2.0,6.0,0.0,,,0,7,pt,10.666666666666666,2.0
291,0,1,01 PANUCO,124,PANUCO,U,2815,CONTIGUA 1,C,1,0,C1,443,207,236,48.5,8.5,3.0,10.666666666666666,4.166666666666666,2,188.16666666666663,1.0,0.0,0.0,0.0,2.0,6.0,0.0,,,0,7,mc,4.166666666666666,2.0
292,0,1,01 PANUCO,124,PANUCO,U,2815,CONTIGUA 1,C,1,0,C1,443,207,236,48.5,8.5,3.0,10.666666666666666,4.166666666666666,2,188.16666666666663,1.0,0.0,0.0,0.0,2.0,6.0,0.0,,,0,7,morena,2.0,2.0
293,0,1,01 PANUCO,124,PANUCO,U,2815,CONTIGUA 1,C,1,0,C1,443,207,236,48.5,8.5,3.0,10.666666666666666,4.166666666666666,2,188.16666666666663,1.0,0.0,0.0,0.0,2.0,6.0,0.0,,,0,7,txver,188.16666666666663,2.0
294,0,1,01 PANUCO,124,PANUCO,U,2815,CONTIGUA 1,C,1,0,C1,443,207,236,48.5,8.5,3.0,10.666666666666666,4.166666666666666,2,188.16666666666663,1.0,0.0,0.0,0.0,2.0,6.0,0.0,,,0,7,podemos,1.0,2.0
295,0,1,01 PANUCO,124,PANUCO,U,2815,CONTIGUA 1,C,1,0,C1,443,207,236,48.5,8.5,3.0,10.666666666666666,4.166666666666666,2,188.16666666666663,1.0,0.0,0.0,0.0,2.0,6.0,0.0,,,0,7,pc,0.0,2.0
296,0,1,01 PANUCO,124,PANUCO,U,2815,CONTIGUA 1,C,1,0,C1,443,207,236,48.5,8.5,3.0,10.666666666666666,4.166666666666666,2,188.16666666666663,1.0,0.0,0.0,0.0,2.0,6.0,0.0,,,0,7,uc,0.0,2.0
297,0,1,01 PANUCO,124,PANUCO,U,2815,CONTIGUA 1,C,1,0,C1,443,207,236,48.5,8.5,3.0,10.666666666666666,4.166666666666666,2,188.16666666666663,1.0,0.0,0.0,0.0,2.0,6.0,0.0,,,0,7,rsp,2.0,2.0
298,0,1,01 PANUCO,124,PANUCO,U,2815,CONTIGUA 1,C,1,0,C1,443,207,236,48.5,8.5,3.0,10.666666666666666,4.166666666666666,2,188.16666666666663,1.0,0.0,0.0,0.0,2.0,6.0,0.0,,,0,7,fxm,6.0,2.0
299,0,1,01 PANUCO,124,PANUCO,U,2816,BÃSICA,B,1,0,B1,534,255,279,69.5,18.5,2.0,10.166666666666666,3.6666666666666665,5,198.16666666666663,2.0,0.0,0.0,2.0,6.0,3.0,1.0,,,0,7,pan,279.0,3.0
300,0,1,01 PANUCO,124,PANUCO,U,2816,BÃSICA,B,1,0,B1,534,255,279,69.5,18.5,2.0,10.166666666666666,3.6666666666666665,5,198.16666666666663,2.0,0.0,0.0,2.0,6.0,3.0,1.0,,,0,7,pri,69.5,3.0
301,0,1,01 PANUCO,124,PANUCO,U,2816,BÃSICA,B,1,0,B1,534,255,279,69.5,18.5,2.0,10.166666666666666,3.6666666666666665,5,198.16666666666663,2.0,0.0,0.0,2.0,6.0,3.0,1.0,,,0,7,prd,18.5,3.0
302,0,1,01 PANUCO,124,PANUCO,U,2816,BÃSICA,B,1,0,B1,534,255,279,69.5,18.5,2.0,10.166666666666666,3.6666666666666665,5,198.16666666666663,2.0,0.0,0.0,2.0,6.0,3.0,1.0,,,0,7,pvem,2.0,3.0
303,0,1,01 PANUCO,124,PANUCO,U,2816,BÃSICA,B,1,0,B1,534,255,279,69.5,18.5,2.0,10.166666666666666,3.6666666666666665,5,198.16666666666663,2.0,0.0,0.0,2.0,6.0,3.0,1.0,,,0,7,pt,10.166666666666666,3.0
304,0,1,01 PANUCO,124,PANUCO,U,2816,BÃSICA,B,1,0,B1,534,255,279,69.5,18.5,2.0,10.166666666666666,3.6666666666666665,5,198.16666666666663,2.0,0.0,0.0,2.0,6.0,3.0,1.0,,,0,7,mc,3.6666666666666665,3.0
305,0,1,01 PANUCO,124,PANUCO,U,2816,BÃSICA,B,1,0,B1,534,255,279,69.5,18.5,2.0,10.166666666666666,3.6666666666666665,5,198.16666666666663,2.0,0.0,0.0,2.0,6.0,3.0,1.0,,,0,7,morena,5.0,3.0
306,0,1,01 PANUCO,124,PANUCO,U,2816,BÃSICA,B,1,0,B1,534,255,279,69.5,18.5,2.0,10.166666666666666,3.6666666666666665,5,198.16666666666663,2.0,0.0,0.0,2.0,6.0,3.0,1.0,,,0,7,txver,198.16666666666663,3.0
307,0,1,01 PANUCO,124,PANUCO,U,2816,BÃSICA,B,1,0,B1,534,255,279,69.5,18.5,2.0,10.166666666666666,3.6666666666666665,5,198.16666666666663,2.0,0.0,0.0,2.0,6.0,3.0,1.0,,,0,7,podemos,2.0,3.0
308,0,1,01 PANUCO,124,PANUCO,U,2816,BÃSICA,B,1,0,B1,534,255,279,69.5,18.5,2.0,10.166666666666666,3.6666666666666665,5,198.16666666666663,2.0,0.0,0.0,2.0,6.0,3.0,1.0,,,0,7,pc,0.0,3.0
309,0,1,01 PANUCO,124,PANUCO,U,2816,BÃSICA,B,1,0,B1,534,255,279,69.5,18.5,2.0,10.166666666666666,3.6666666666666665,5,198.16666666666663,2.0,0.0,0.0,2.0,6.0,3.0,1.0,,,0,7,uc,0.0,3.0
310,0,1,01 PANUCO,124,PANUCO,U,2816,BÃSICA,B,1,0,B1,534,255,279,69.5,18.5,2.0,10.166666666666666,3.6666666666666665,5,198.16666666666663,2.0,0.0,0.0,2.0,6.0,3.0,1.0,,,0,7,rsp,6.0,3.0
311,0,1,01 PANUCO,124,PANUCO,U,2816,BÃSICA,B,1,0,B1,534,255,279,69.5,18.5,2.0,10.166666666666666,3.6666666666666665,5,198.16666666666663,2.0,0.0,0.0,2.0,6.0,3.0,1.0,,,0,7,fxm,3.0,3.0
312,0,1,01 PANUCO,124,PANUCO,U,2816,CONTIGUA 1,C,1,0,C1,534,244,290,85.83333333333333,8.833333333333334,3.333333333333333,16.833333333333336,9.333333333333334,1,193.83333333333331,4.0,0.0,1.0,4.0,2.0,3.0,2.0,,,0,7,pan,290.0,4.0
313,0,1,01 PANUCO,124,PANUCO,U,2816,CONTIGUA 1,C,1,0,C1,534,244,290,85.83333333333333,8.833333333333334,3.333333333333333,16.833333333333336,9.333333333333334,1,193.83333333333331,4.0,0.0,1.0,4.0,2.0,3.0,2.0,,,0,7,pri,85.83333333333333,4.0
314,0,1,01 PANUCO,124,PANUCO,U,2816,CONTIGUA 1,C,1,0,C1,534,244,290,85.83333333333333,8.833333333333334,3.333333333333333,16.833333333333336,9.333333333333334,1,193.83333333333331,4.0,0.0,1.0,4.0,2.0,3.0,2.0,,,0,7,prd,8.833333333333334,4.0
315,0,1,01 PANUCO,124,PANUCO,U,2816,CONTIGUA 1,C,1,0,C1,534,244,290,85.83333333333333,8.833333333333334,3.333333333333333,16.833333333333336,9.333333333333334,1,193.83333333333331,4.0,0.0,1.0,4.0,2.0,3.0,2.0,,,0,7,pvem,3.333333333333333,4.0
316,0,1,01 PANUCO,124,PANUCO,U,2816,CONTIGUA 1,C,1,0,C1,534,244,290,85.83333333333333,8.833333333333334,3.333333333333333,16.833333333333336,9.333333333333334,1,193.83333333333331,4.0,0.0,1.0,4.0,2.0,3.0,2.0,,,0,7,pt,16.833333333333336,4.0
317,0,1,01 PANUCO,124,PANUCO,U,2816,CONTIGUA 1,C,1,0,C1,534,244,290,85.83333333333333,8.833333333333334,3.333333333333333,16.833333333333336,9.333333333333334,1,193.83333333333331,4.0,0.0,1.0,4.0,2.0,3.0,2.0,,,0,7,mc,9.333333333333334,4.0
318,0,1,01 PANUCO,124,PANUCO,U,2816,CONTIGUA 1,C,1,0,C1,534,244,290,85.83333333333333,8.833333333333334,3.333333333333333,16.833333333333336,9.333333333333334,1,193.83333333333331,4.0,0.0,1.0,4.0,2.0,3.0,2.0,,,0,7,morena,1.0,4.0
319,0,1,01 PANUCO,124,PANUCO,U,2816,CONTIGUA 1,C,1,0,C1,534,244,290,85.83333333333333,8.833333333333334,3.333333333333333,16.833333333333336,9.333333333333334,1,193.83333333333331,4.0,0.0,1.0,4.0,2.0,3.0,2.0,,,0,7,txver,193.83333333333331,4.0
320,0,1,01 PANUCO,124,PANUCO,U,2816,CONTIGUA 1,C,1,0,C1,534,244,290,85.83333333333333,8.833333333333334,3.333333333333333,16.833333333333336,9.333333333333334,1,193.83333333333331,4.0,0.0,1.0,4.0,2.0,3.0,2.0,,,0,7,podemos,4.0,4.0
321,0,1,01 PANUCO,124,PANUCO,U,2816,CONTIGUA 1,C,1,0,C1,534,244,290,85.83333333333333,8.833333333333334,3.333333333333333,16.833333333333336,9.333333333333334,1,193.83333333333331,4.0,0.0,1.0,4.0,2.0,3.0,2.0,,,0,7,pc,0.0,4.0
322,0,1,01 PANUCO,124,PANUCO,U,2816,CONTIGUA 1,C,1,0,C1,534,244,290,85.83333333333333,8.833333333333334,3.333333333333333,16.833333333333336,9.333333333333334,1,193.83333333333331,4.0,0.0,1.0,4.0,2.0,3.0,2.0,,,0,7,uc,1.0,4.0
323,0,1,01 PANUCO,124,PANUCO,U,2816,CONTIGUA 1,C,1,0,C1,534,244,290,85.83333333333333,8.833333333333334,3.333333333333333,16.833333333333336,9.333333333333334,1,193.83333333333331,4.0,0.0,1.0,4.0,2.0,3.0,2.0,,,0,7,rsp,2.0,4.0
324,0,1,01 PANUCO,124,PANUCO,U,2816,CONTIGUA 1,C,1,0,C1,534,244,290,85.83333333333333,8.833333333333334,3.333333333333333,16.833333333333336,9.333333333333334,1,193.83333333333331,4.0,0.0,1.0,4.0,2.0,3.0,2.0,,,0,7,fxm,3.0,4.0
325,0,1,01 PANUCO,124,PANUCO,U,2814,BÃSICA,B,1,0,B1,711,337,374,196.33333333333331,24.83333333333333,5.833333333333333,20.5,5.0,6,219.5,2.0,1.0,0.0,0.0,2.0,10.0,1.0,,,1,10,pan,374.0,0.0
326,0,1,01 PANUCO,124,PANUCO,U,2814,BÃSICA,B,1,0,B1,711,337,374,196.33333333333331,24.83333333333333,5.833333333333333,20.5,5.0,6,219.5,2.0,1.0,0.0,0.0,2.0,10.0,1.0,,,1,10,pri,196.33333333333331,0.0
327,0,1,01 PANUCO,124,PANUCO,U,2814,BÃSICA,B,1,0,B1,711,337,374,196.33333333333331,24.83333333333333,5.833333333333333,20.5,5.0,6,219.5,2.0,1.0,0.0,0.0,2.0,10.0,1.0,,,1,10,prd,24.83333333333333,0.0
328,0,1,01 PANUCO,124,PANUCO,U,2814,BÃSICA,B,1,0,B1,711,337,374,196.33333333333331,24.83333333333333,5.833333333333333,20.5,5.0,6,219.5,2.0,1.0,0.0,0.0,2.0,10.0,1.0,,,1,10,pvem,5.833333333333333,0.0
329,0,1,01 PANUCO,124,PANUCO,U,2814,BÃSICA,B,1,0,B1,711,337,374,196.33333333333331,24.83333333333333,5.833333333333333,20.5,5.0,6,219.5,2.0,1.0,0.0,0.0,2.0,10.0,1.0,,,1,10,pt,20.5,0.0
330,0,1,01 PANUCO,124,PANUCO,U,2814,BÃSICA,B,1,0,B1,711,337,374,196.33333333333331,24.83333333333333,5.833333333333333,20.5,5.0,6,219.5,2.0,1.0,0.0,0.0,2.0,10.0,1.0,,,1,10,mc,5.0,0.0
331,0,1,01 PANUCO,124,PANUCO,U,2814,BÃSICA,B,1,0,B1,711,337,374,196.33333333333331,24.83333333333333,5.833333333333333,20.5,5.0,6,219.5,2.0,1.0,0.0,0.0,2.0,10.0,1.0,,,1,10,morena,6.0,0.0
332,0,1,01 PANUCO,124,PANUCO,U,2814,BÃSICA,B,1,0,B1,711,337,374,196.33333333333331,24.83333333333333,5.833333333333333,20.5,5.0,6,219.5,2.0,1.0,0.0,0.0,2.0,10.0,1.0,,,1,10,txver,219.5,0.0
333,0,1,01 PANUCO,124,PANUCO,U,2814,BÃSICA,B,1,0,B1,711,337,374,196.33333333333331,24.83333333333333,5.833333333333333,20.5,5.0,6,219.5,2.0,1.0,0.0,0.0,2.0,10.0,1.0,,,1,10,podemos,2.0,0.0
334,0,1,01 PANUCO,124,PANUCO,U,2814,BÃSICA,B,1,0,B1,711,337,374,196.33333333333331,24.83333333333333,5.833333333333333,20.5,5.0,6,219.5,2.0,1.0,0.0,0.0,2.0,10.0,1.0,,,1,10,pc,1.0,0.0
335,0,1,01 PANUCO,124,PANUCO,U,2814,BÃSICA,B,1,0,B1,711,337,374,196.33333333333331,24.83333333333333,5.833333333333333,20.5,5.0,6,219.5,2.0,1.0,0.0,0.0,2.0,10.0,1.0,,,1,10,uc,0.0,0.0
336,0,1,01 PANUCO,124,PANUCO,U,2814,BÃSICA,B,1,0,B1,711,337,374,196.33333333333331,24.83333333333333,5.833333333333333,20.5,5.0,6,219.5,2.0,1.0,0.0,0.0,2.0,10.0,1.0,,,1,10,rsp,2.0,0.0
337,0,1,01 PANUCO,124,PANUCO,U,2814,BÃSICA,B,1,0,B1,711,337,374,196.33333333333331,24.83333333333333,5.833333333333333,20.5,5.0,6,219.5,2.0,1.0,0.0,0.0,2.0,10.0,1.0,,,1,10,fxm,10.0,0.0
338,0,1,01 PANUCO,124,PANUCO,U,2815,BÃSICA,B,1,0,B1,443,205,238,71.66666666666667,14.666666666666666,1.6666666666666663,15.833333333333334,5.333333333333333,2,160.83333333333334,2.0,0.0,0.0,1.0,2.0,2.0,0.0,,,0,3,pan,238.0,1.0
339,0,1,01 PANUCO,124,PANUCO,U,2815,BÃSICA,B,1,0,B1,443,205,238,71.66666666666667,14.666666666666666,1.6666666666666663,15.833333333333334,5.333333333333333,2,160.83333333333334,2.0,0.0,0.0,1.0,2.0,2.0,0.0,,,0,3,pri,71.66666666666667,1.0
340,0,1,01 PANUCO,124,PANUCO,U,2815,BÃSICA,B,1,0,B1,443,205,238,71.66666666666667,14.666666666666666,1.6666666666666663,15.833333333333334,5.333333333333333,2,160.83333333333334,2.0,0.0,0.0,1.0,2.0,2.0,0.0,,,0,3,prd,14.666666666666666,1.0
341,0,1,01 PANUCO,124,PANUCO,U,2815,BÃSICA,B,1,0,B1,443,205,238,71.66666666666667,14.666666666666666,1.6666666666666663,15.833333333333334,5.333333333333333,2,160.83333333333334,2.0,0.0,0.0,1.0,2.0,2.0,0.0,,,0,3,pvem,1.6666666666666663,1.0
342,0,1,01 PANUCO,124,PANUCO,U,2815,BÃSICA,B,1,0,B1,443,205,238,71.66666666666667,14.666666666666666,1.6666666666666663,15.833333333333334,5.333333333333333,2,160.83333333333334,2.0,0.0,0.0,1.0,2.0,2.0,0.0,,,0,3,pt,15.833333333333334,1.0
343,0,1,01 PANUCO,124,PANUCO,U,2815,BÃSICA,B,1,0,B1,443,205,238,71.66666666666667,14.666666666666666,1.6666666666666663,15.833333333333334,5.333333333333333,2,160.83333333333334,2.0,0.0,0.0,1.0,2.0,2.0,0.0,,,0,3,mc,5.333333333333333,1.0
344,0,1,01 PANUCO,124,PANUCO,U,2815,BÃSICA,B,1,0,B1,443,205,238,71.66666666666667,14.666666666666666,1.6666666666666663,15.833333333333334,5.333333333333333,2,160.83333333333334,2.0,0.0,0.0,1.0,2.0,2.0,0.0,,,0,3,morena,2.0,1.0
345,0,1,01 PANUCO,124,PANUCO,U,2815,BÃSICA,B,1,0,B1,443,205,238,71.66666666666667,14.666666666666666,1.6666666666666663,15.833333333333334,5.333333333333333,2,160.83333333333334,2.0,0.0,0.0,1.0,2.0,2.0,0.0,,,0,3,txver,160.83333333333334,1.0
346,0,1,01 PANUCO,124,PANUCO,U,2815,BÃSICA,B,1,0,B1,443,205,238,71.66666666666667,14.666666666666666,1.6666666666666663,15.833333333333334,5.333333333333333,2,160.83333333333334,2.0,0.0,0.0,1.0,2.0,2.0,0.0,,,0,3,podemos,2.0,1.0
347,0,1,01 PANUCO,124,PANUCO,U,2815,BÃSICA,B,1,0,B1,443,205,238,71.66666666666667,14.666666666666666,1.6666666666666663,15.833333333333334,5.333333333333333,2,160.83333333333334,2.0,0.0,0.0,1.0,2.0,2.0,0.0,,,0,3,pc,0.0,1.0
348,0,1,01 PANUCO,124,PANUCO,U,2815,BÃSICA,B,1,0,B1,443,205,238,71.66666666666667,14.666666666666666,1.6666666666666663,15.833333333333334,5.333333333333333,2,160.83333333333334,2.0,0.0,0.0,1.0,2.0,2.0,0.0,,,0,3,uc,0.0,1.0
349,0,1,01 PANUCO,124,PANUCO,U,2815,BÃSICA,B,1,0,B1,443,205,238,71.66666666666667,14.666666666666666,1.6666666666666663,15.833333333333334,5.333333333333333,2,160.83333333333334,2.0,0.0,0.0,1.0,2.0,2.0,0.0,,,0,3,rsp,2.0,1.0
350,0,1,01 PANUCO,124,PANUCO,U,2815,BÃSICA,B,1,0,B1,443,205,238,71.66666666666667,14.666666666666666,1.6666666666666663,15.833333333333334,5.333333333333333,2,160.83333333333334,2.0,0.0,0.0,1.0,2.0,2.0,0.0,,,0,3,fxm,2.0,1.0
351,0,1,01 PANUCO,124,PANUCO,U,2815,CONTIGUA 1,C,1,0,C1,443,207,236,48.5,8.5,3.0,10.666666666666666,4.166666666666666,2,188.16666666666663,1.0,0.0,0.0,0.0,2.0,6.0,0.0,,,0,7,pan,236.0,2.0
352,0,1,01 PANUCO,124,PANUCO,U,2815,CONTIGUA 1,C,1,0,C1,443,207,236,48.5,8.5,3.0,10.666666666666666,4.166666666666666,2,188.16666666666663,1.0,0.0,0.0,0.0,2.0,6.0,0.0,,,0,7,pri,48.5,2.0
353,0,1,01 PANUCO,124,PANUCO,U,2815,CONTIGUA 1,C,1,0,C1,443,207,236,48.5,8.5,3.0,10.666666666666666,4.166666666666666,2,188.16666666666663,1.0,0.0,0.0,0.0,2.0,6.0,0.0,,,0,7,prd,8.5,2.0
354,0,1,01 PANUCO,124,PANUCO,U,2815,CONTIGUA 1,C,1,0,C1,443,207,236,48.5,8.5,3.0,10.666666666666666,4.166666666666666,2,188.16666666666663,1.0,0.0,0.0,0.0,2.0,6.0,0.0,,,0,7,pvem,3.0,2.0
355,0,1,01 PANUCO,124,PANUCO,U,2815,CONTIGUA 1,C,1,0,C1,443,207,236,48.5,8.5,3.0,10.666666666666666,4.166666666666666,2,188.16666666666663,1.0,0.0,0.0,0.0,2.0,6.0,0.0,,,0,7,pt,10.666666666666666,2.0
356,0,1,01 PANUCO,124,PANUCO,U,2815,CONTIGUA 1,C,1,0,C1,443,207,236,48.5,8.5,3.0,10.666666666666666,4.166666666666666,2,188.16666666666663,1.0,0.0,0.0,0.0,2.0,6.0,0.0,,,0,7,mc,4.166666666666666,2.0
357,0,1,01 PANUCO,124,PANUCO,U,2815,CONTIGUA 1,C,1,0,C1,443,207,236,48.5,8.5,3.0,10.666666666666666,4.166666666666666,2,188.16666666666663,1.0,0.0,0.0,0.0,2.0,6.0,0.0,,,0,7,morena,2.0,2.0
358,0,1,01 PANUCO,124,PANUCO,U,2815,CONTIGUA 1,C,1,0,C1,443,207,236,48.5,8.5,3.0,10.666666666666666,4.166666666666666,2,188.16666666666663,1.0,0.0,0.0,0.0,2.0,6.0,0.0,,,0,7,txver,188.16666666666663,2.0
359,0,1,01 PANUCO,124,PANUCO,U,2815,CONTIGUA 1,C,1,0,C1,443,207,236,48.5,8.5,3.0,10.666666666666666,4.166666666666666,2,188.16666666666663,1.0,0.0,0.0,0.0,2.0,6.0,0.0,,,0,7,podemos,1.0,2.0
360,0,1,01 PANUCO,124,PANUCO,U,2815,CONTIGUA 1,C,1,0,C1,443,207,236,48.5,8.5,3.0,10.666666666666666,4.166666666666666,2,188.16666666666663,1.0,0.0,0.0,0.0,2.0,6.0,0.0,,,0,7,pc,0.0,2.0
361,0,1,01 PANUCO,124,PANUCO,U,2815,CONTIGUA 1,C,1,0,C1,443,207,236,48.5,8.5,3.0,10.666666666666666,4.166666666666666,2,188.16666666666663,1.0,0.0,0.0,0.0,2.0,6.0,0.0,,,0,7,uc,0.0,2.0
362,0,1,01 PANUCO,124,PANUCO,U,2815,CONTIGUA 1,C,1,0,C1,443,207,236,48.5,8.5,3.0,10.666666666666666,4.166666666666666,2,188.16666666666663,1.0,0.0,0.0,0.0,2.0,6.0,0.0,,,0,7,rsp,2.0,2.0
363,0,1,01 PANUCO,124,PANUCO,U,2815,CONTIGUA 1,C,1,0,C1,443,207,236,48.5,8.5,3.0,10.666666666666666,4.166666666666666,2,188.16666666666663,1.0,0.0,0.0,0.0,2.0,6.0,0.0,,,0,7,fxm,6.0,2.0
364,0,1,01 PANUCO,124,PANUCO,U,2816,BÃSICA,B,1,0,B1,534,255,279,69.5,18.5,2.0,10.166666666666666,3.6666666666666665,5,198.16666666666663,2.0,0.0,0.0,2.0,6.0,3.0,1.0,,,0,7,pan,279.0,3.0
365,0,1,01 PANUCO,124,PANUCO,U,2816,BÃSICA,B,1,0,B1,534,255,279,69.5,18.5,2.0,10.166666666666666,3.6666666666666665,5,198.16666666666663,2.0,0.0,0.0,2.0,6.0,3.0,1.0,,,0,7,pri,69.5,3.0
366,0,1,01 PANUCO,124,PANUCO,U,2816,BÃSICA,B,1,0,B1,534,255,279,69.5,18.5,2.0,10.166666666666666,3.6666666666666665,5,198.16666666666663,2.0,0.0,0.0,2.0,6.0,3.0,1.0,,,0,7,prd,18.5,3.0
367,0,1,01 PANUCO,124,PANUCO,U,2816,BÃSICA,B,1,0,B1,534,255,279,69.5,18.5,2.0,10.166666666666666,3.6666666666666665,5,198.16666666666663,2.0,0.0,0.0,2.0,6.0,3.0,1.0,,,0,7,pvem,2.0,3.0
368,0,1,01 PANUCO,124,PANUCO,U,2816,BÃSICA,B,1,0,B1,534,255,279,69.5,18.5,2.0,10.166666666666666,3.6666666666666665,5,198.16666666666663,2.0,0.0,0.0,2.0,6.0,3.0,1.0,,,0,7,pt,10.166666666666666,3.0
369,0,1,01 PANUCO,124,PANUCO,U,2816,BÃSICA,B,1,0,B1,534,255,279,69.5,18.5,2.0,10.166666666666666,3.6666666666666665,5,198.16666666666663,2.0,0.0,0.0,2.0,6.0,3.0,1.0,,,0,7,mc,3.6666666666666665,3.0
370,0,1,01 PANUCO,124,PANUCO,U,2816,BÃSICA,B,1,0,B1,534,255,279,69.5,18.5,2.0,10.166666666666666,3.6666666666666665,5,198.16666666666663,2.0,0.0,0.0,2.0,6.0,3.0,1.0,,,0,7,morena,5.0,3.0
371,0,1,01 PANUCO,124,PANUCO,U,2816,BÃSICA,B,1,0,B1,534,255,279,69.5,18.5,2.0,10.166666666666666,3.6666666666666665,5,198.16666666666663,2.0,0.0,0.0,2.0,6.0,3.0,1.0,,,0,7,txver,198.16666666666663,3.0
372,0,1,01 PANUCO,124,PANUCO,U,2816,BÃSICA,B,1,0,B1,534,255,279,69.5,18.5,2.0,10.166666666666666,3.6666666666666665,5,198.16666666666663,2.0,0.0,0.0,2.0,6.0,3.0,1.0,,,0,7,podemos,2.0,3.0
373,0,1,01 PANUCO,124,PANUCO,U,2816,BÃSICA,B,1,0,B1,534,255,279,69.5,18.5,2.0,10.166666666666666,3.6666666666666665,5,198.16666666666663,2.0,0.0,0.0,2.0,6.0,3.0,1.0,,,0,7,pc,0.0,3.0
374,0,1,01 PANUCO,124,PANUCO,U,2816,BÃSICA,B,1,0,B1,534,255,279,69.5,18.5,2.0,10.166666666666666,3.6666666666666665,5,198.16666666666663,2.0,0.0,0.0,2.0,6.0,3.0,1.0,,,0,7,uc,0.0,3.0
375,0,1,01 PANUCO,124,PANUCO,U,2816,BÃSICA,B,1,0,B1,534,255,279,69.5,18.5,2.0,10.166666666666666,3.6666666666666665,5,198.16666666666663,2.0,0.0,0.0,2.0,6.0,3.0,1.0,,,0,7,rsp,6.0,3.0
376,0,1,01 PANUCO,124,PANUCO,U,2816,BÃSICA,B,1,0,B1,534,255,279,69.5,18.5,2.0,10.166666666666666,3.6666666666666665,5,198.16666666666663,2.0,0.0,0.0,2.0,6.0,3.0,1.0,,,0,7,fxm,3.0,3.0
377,0,1,01 PANUCO,124,PANUCO,U,2816,CONTIGUA 1,C,1,0,C1,534,244,290,85.83333333333333,8.833333333333334,3.333333333333333,16.833333333333336,9.333333333333334,1,193.83333333333331,4.0,0.0,1.0,4.0,2.0,3.0,2.0,,,0,7,pan,290.0,4.0
378,0,1,01 PANUCO,124,PANUCO,U,2816,CONTIGUA 1,C,1,0,C1,534,244,290,85.83333333333333,8.833333333333334,3.333333333333333,16.833333333333336,9.333333333333334,1,193.83333333333331,4.0,0.0,1.0,4.0,2.0,3.0,2.0,,,0,7,pri,85.83333333333333,4.0
379,0,1,01 PANUCO,124,PANUCO,U,2816,CONTIGUA 1,C,1,0,C1,534,244,290,85.83333333333333,8.833333333333334,3.333333333333333,16.833333333333336,9.333333333333334,1,193.83333333333331,4.0,0.0,1.0,4.0,2.0,3.0,2.0,,,0,7,prd,8.833333333333334,4.0
380,0,1,01 PANUCO,124,PANUCO,U,2816,CONTIGUA 1,C,1,0,C1,534,244,290,85.83333333333333,8.833333333333334,3.333333333333333,16.833333333333336,9.333333333333334,1,193.83333333333331,4.0,0.0,1.0,4.0,2.0,3.0,2.0,,,0,7,pvem,3.333333333333333,4.0
381,0,1,01 PANUCO,124,PANUCO,U,2816,CONTIGUA 1,C,1,0,C1,534,244,290,85.83333333333333,8.833333333333334,3.333333333333333,16.833333333333336,9.333333333333334,1,193.83333333333331,4.0,0.0,1.0,4.0,2.0,3.0,2.0,,,0,7,pt,16.833333333333336,4.0
382,0,1,01 PANUCO,124,PANUCO,U,2816,CONTIGUA 1,C,1,0,C1,534,244,290,85.83333333333333,8.833333333333334,3.333333333333333,16.833333333333336,9.333333333333334,1,193.83333333333331,4.0,0.0,1.0,4.0,2.0,3.0,2.0,,,0,7,mc,9.333333333333334,4.0
383,0,1,01 PANUCO,124,PANUCO,U,2816,CONTIGUA 1,C,1,0,C1,534,244,290,85.83333333333333,8.833333333333334,3.333333333333333,16.833333333333336,9.333333333333334,1,193.83333333333331,4.0,0.0,1.0,4.0,2.0,3.0,2.0,,,0,7,morena,1.0,4.0
384,0,1,01 PANUCO,124,PANUCO,U,2816,CONTIGUA 1,C,1,0,C1,534,244,290,85.83333333333333,8.833333333333334,3.333333333333333,16.833333333333336,9.333333333333334,1,193.83333333333331,4.0,0.0,1.0,4.0,2.0,3.0,2.0,,,0,7,txver,193.83333333333331,4.0
385,0,1,01 PANUCO,124,PANUCO,U,2816,CONTIGUA 1,C,1,0,C1,534,244,290,85.83333333333333,8.833333333333334,3.333333333333333,16.833333333333336,9.333333333333334,1,193.83333333333331,4.0,0.0,1.0,4.0,2.0,3.0,2.0,,,0,7,podemos,4.0,4.0
386,0,1,01 PANUCO,124,PANUCO,U,2816,CONTIGUA 1,C,1,0,C1,534,244,290,85.83333333333333,8.833333333333334,3.333333333333333,16.833333333333336,9.333333333333334,1,193.83333333333331,4.0,0.0,1.0,4.0,2.0,3.0,2.0,,,0,7,pc,0.0,4.0
387,0,1,01 PANUCO,124,PANUCO,U,2816,CONTIGUA 1,C,1,0,C1,534,244,290,85.83333333333333,8.833333333333334,3.333333333333333,16.833333333333336,9.333333333333334,1,193.83333333333331,4.0,0.0,1.0,4.0,2.0,3.0,2.0,,,0,7,uc,1.0,4.0
388,0,1,01 PANUCO,124,PANUCO,U,2816,CONTIGUA 1,C,1,0,C1,534,244,290,85.83333333333333,8.833333333333334,3.333333333333333,16.833333333333336,9.333333333333334,1,193.83333333333331,4.0,0.0,1.0,4.0,2.0,3.0,2.0,,,0,7,rsp,2.0,4.0
389,0,1,01 PANUCO,124,PANUCO,U,2816,CONTIGUA 1,C,1,0,C1,534,244,290,85.83333333333333,8.833333333333334,3.333333333333333,16.833333333333336,9.333333333333334,1,193.83333333333331,4.0,0.0,1.0,4.0,2.0,3.0,2.0,,,0,7,fxm,3.0,4.0
390,0,1,01 PANUCO,124,PANUCO,U,2814,BÃSICA,B,1,0,B1,711,337,374,196.33333333333331,24.83333333333333,5.833333333333333,20.5,5.0,6,219.5,2.0,1.0,0.0,0.0,2.0,10.0,1.0,,,1,10,pan,374.0,0.0
391,0,1,01 PANUCO,124,PANUCO,U,2814,BÃSICA,B,1,0,B1,711,337,374,196.33333333333331,24.83333333333333,5.833333333333333,20.5,5.0,6,219.5,2.0,1.0,0.0,0.0,2.0,10.0,1.0,,,1,10,pri,196.33333333333331,0.0
392,0,1,01 PANUCO,124,PANUCO,U,2814,BÃSICA,B,1,0,B1,711,337,374,196.33333333333331,24.83333333333333,5.833333333333333,20.5,5.0,6,219.5,2.0,1.0,0.0,0.0,2.0,10.0,1.0,,,1,10,prd,24.83333333333333,0.0
393,0,1,01 PANUCO,124,PANUCO,U,2814,BÃSICA,B,1,0,B1,711,337,374,196.33333333333331,24.83333333333333,5.833333333333333,20.5,5.0,6,219.5,2.0,1.0,0.0,0.0,2.0,10.0,1.0,,,1,10,pvem,5.833333333333333,0.0
394,0,1,01 PANUCO,124,PANUCO,U,2814,BÃSICA,B,1,0,B1,711,337,374,196.33333333333331,24.83333333333333,5.833333333333333,20.5,5.0,6,219.5,2.0,1.0,0.0,0.0,2.0,10.0,1.0,,,1,10,pt,20.5,0.0
395,0,1,01 PANUCO,124,PANUCO,U,2814,BÃSICA,B,1,0,B1,711,337,374,196.33333333333331,24.83333333333333,5.833333333333333,20.5,5.0,6,219.5,2.0,1.0,0.0,0.0,2.0,10.0,1.0,,,1,10,mc,5.0,0.0
396,0,1,01 PANUCO,124,PANUCO,U,2814,BÃSICA,B,1,0,B1,711,337,374,196.33333333333331,24.83333333333333,5.833333333333333,20.5,5.0,6,219.5,2.0,1.0,0.0,0.0,2.0,10.0,1.0,,,1,10,morena,6.0,0.0
397,0,1,01 PANUCO,124,PANUCO,U,2814,BÃSICA,B,1,0,B1,711,337,374,196.33333333333331,24.83333333333333,5.833333333333333,20.5,5.0,6,219.5,2.0,1.0,0.0,0.0,2.0,10.0,1.0,,,1,10,txver,219.5,0.0
398,0,1,01 PANUCO,124,PANUCO,U,2814,BÃSICA,B,1,0,B1,711,337,374,196.33333333333331,24.83333333333333,5.833333333333333,20.5,5.0,6,219.5,2.0,1.0,0.0,0.0,2.0,10.0,1.0,,,1,10,podemos,2.0,0.0
399,0,1,01 PANUCO,124,PANUCO,U,2814,BÃSICA,B,1,0,B1,711,337,374,196.33333333333331,24.83333333333333,5.833333333333333,20.5,5.0,6,219.5,2.0,1.0,0.0,0.0,2.0,10.0,1.0,,,1,10,pc,1.0,0.0
400,0,1,01 PANUCO,124,PANUCO,U,2814,BÃSICA,B,1,0,B1,711,337,374,196.33333333333331,24.83333333333333,5.833333333333333,20.5,5.0,6,219.5,2.0,1.0,0.0,0.0,2.0,10.0,1.0,,,1,10,uc,0.0,0.0
401,0,1,01 PANUCO,124,PANUCO,U,2814,BÃSICA,B,1,0,B1,711,337,374,196.33333333333331,24.83333333333333,5.833333333333333,20.5,5.0,6,219.5,2.0,1.0,0.0,0.0,2.0,10.0,1.0,,,1,10,rsp,2.0,0.0
402,0,1,01 PANUCO,124,PANUCO,U,2814,BÃSICA,B,1,0,B1,711,337,374,196.33333333333331,24.83333333333333,5.833333333333333,20.5,5.0,6,219.5,2.0,1.0,0.0,0.0,2.0,10.0,1.0,,,1,10,fxm,10.0,0.0
403,0,1,01 PANUCO,124,PANUCO,U,2815,BÃSICA,B,1,0,B1,443,205,238,71.66666666666667,14.666666666666666,1.6666666666666663,15.833333333333334,5.333333333333333,2,160.83333333333334,2.0,0.0,0.0,1.0,2.0,2.0,0.0,,,0,3,pan,238.0,1.0
404,0,1,01 PANUCO,124,PANUCO,U,2815,BÃSICA,B,1,0,B1,443,205,238,71.66666666666667,14.666666666666666,1.6666666666666663,15.833333333333334,5.333333333333333,2,160.83333333333334,2.0,0.0,0.0,1.0,2.0,2.0,0.0,,,0,3,pri,71.66666666666667,1.0
405,0,1,01 PANUCO,124,PANUCO,U,2815,BÃSICA,B,1,0,B1,443,205,238,71.66666666666667,14.666666666666666,1.6666666666666663,15.833333333333334,5.333333333333333,2,160.83333333333334,2.0,0.0,0.0,1.0,2.0,2.0,0.0,,,0,3,prd,14.666666666666666,1.0
406,0,1,01 PANUCO,124,PANUCO,U,2815,BÃSICA,B,1,0,B1,443,205,238,71.66666666666667,14.666666666666666,1.6666666666666663,15.833333333333334,5.333333333333333,2,160.83333333333334,2.0,0.0,0.0,1.0,2.0,2.0,0.0,,,0,3,pvem,1.6666666666666663,1.0
407,0,1,01 PANUCO,124,PANUCO,U,2815,BÃSICA,B,1,0,B1,443,205,238,71.66666666666667,14.666666666666666,1.6666666666666663,15.833333333333334,5.333333333333333,2,160.83333333333334,2.0,0.0,0.0,1.0,2.0,2.0,0.0,,,0,3,pt,15.833333333333334,1.0
408,0,1,01 PANUCO,124,PANUCO,U,2815,BÃSICA,B,1,0,B1,443,205,238,71.66666666666667,14.666666666666666,1.6666666666666663,15.833333333333334,5.333333333333333,2,160.83333333333334,2.0,0.0,0.0,1.0,2.0,2.0,0.0,,,0,3,mc,5.333333333333333,1.0
409,0,1,01 PANUCO,124,PANUCO,U,2815,BÃSICA,B,1,0,B1,443,205,238,71.66666666666667,14.666666666666666,1.6666666666666663,15.833333333333334,5.333333333333333,2,160.83333333333334,2.0,0.0,0.0,1.0,2.0,2.0,0.0,,,0,3,morena,2.0,1.0
410,0,1,01 PANUCO,124,PANUCO,U,2815,BÃSICA,B,1,0,B1,443,205,238,71.66666666666667,14.666666666666666,1.6666666666666663,15.833333333333334,5.333333333333333,2,160.83333333333334,2.0,0.0,0.0,1.0,2.0,2.0,0.0,,,0,3,txver,160.83333333333334,1.0
411,0,1,01 PANUCO,124,PANUCO,U,2815,BÃSICA,B,1,0,B1,443,205,238,71.66666666666667,14.666666666666666,1.6666666666666663,15.833333333333334,5.333333333333333,2,160.83333333333334,2.0,0.0,0.0,1.0,2.0,2.0,0.0,,,0,3,podemos,2.0,1.0
412,0,1,01 PANUCO,124,PANUCO,U,2815,BÃSICA,B,1,0,B1,443,205,238,71.66666666666667,14.666666666666666,1.6666666666666663,15.833333333333334,5.333333333333333,2,160.83333333333334,2.0,0.0,0.0,1.0,2.0,2.0,0.0,,,0,3,pc,0.0,1.0
413,0,1,01 PANUCO,124,PANUCO,U,2815,BÃSICA,B,1,0,B1,443,205,238,71.66666666666667,14.666666666666666,1.6666666666666663,15.833333333333334,5.333333333333333,2,160.83333333333334,2.0,0.0,0.0,1.0,2.0,2.0,0.0,,,0,3,uc,0.0,1.0
414,0,1,01 PANUCO,124,PANUCO,U,2815,BÃSICA,B,1,0,B1,443,205,238,71.66666666666667,14.666666666666666,1.6666666666666663,15.833333333333334,5.333333333333333,2,160.83333333333334,2.0,0.0,0.0,1.0,2.0,2.0,0.0,,,0,3,rsp,2.0,1.0
415,0,1,01 PANUCO,124,PANUCO,U,2815,BÃSICA,B,1,0,B1,443,205,238,71.66666666666667,14.666666666666666,1.6666666666666663,15.833333333333334,5.333333333333333,2,160.83333333333334,2.0,0.0,0.0,1.0,2.0,2.0,0.0,,,0,3,fxm,2.0,1.0
416,0,1,01 PANUCO,124,PANUCO,U,2815,CONTIGUA 1,C,1,0,C1,443,207,236,48.5,8.5,3.0,10.666666666666666,4.166666666666666,2,188.16666666666663,1.0,0.0,0.0,0.0,2.0,6.0,0.0,,,0,7,pan,236.0,2.0
417,0,1,01 PANUCO,124,PANUCO,U,2815,CONTIGUA 1,C,1,0,C1,443,207,236,48.5,8.5,3.0,10.666666666666666,4.166666666666666,2,188.16666666666663,1.0,0.0,0.0,0.0,2.0,6.0,0.0,,,0,7,pri,48.5,2.0
418,0,1,01 PANUCO,124,PANUCO,U,2815,CONTIGUA 1,C,1,0,C1,443,207,236,48.5,8.5,3.0,10.666666666666666,4.166666666666666,2,188.16666666666663,1.0,0.0,0.0,0.0,2.0,6.0,0.0,,,0,7,prd,8.5,2.0
419,0,1,01 PANUCO,124,PANUCO,U,2815,CONTIGUA 1,C,1,0,C1,443,207,236,48.5,8.5,3.0,10.666666666666666,4.166666666666666,2,188.16666666666663,1.0,0.0,0.0,0.0,2.0,6.0,0.0,,,0,7,pvem,3.0,2.0
420,0,1,01 PANUCO,124,PANUCO,U,2815,CONTIGUA 1,C,1,0,C1,443,207,236,48.5,8.5,3.0,10.666666666666666,4.166666666666666,2,188.16666666666663,1.0,0.0,0.0,0.0,2.0,6.0,0.0,,,0,7,pt,10.666666666666666,2.0
421,0,1,01 PANUCO,124,PANUCO,U,2815,CONTIGUA 1,C,1,0,C1,443,207,236,48.5,8.5,3.0,10.666666666666666,4.166666666666666,2,188.16666666666663,1.0,0.0,0.0,0.0,2.0,6.0,0.0,,,0,7,mc,4.166666666666666,2.0
422,0,1,01 PANUCO,124,PANUCO,U,2815,CONTIGUA 1,C,1,0,C1,443,207,236,48.5,8.5,3.0,10.666666666666666,4.166666666666666,2,188.16666666666663,1.0,0.0,0.0,0.0,2.0,6.0,0.0,,,0,7,morena,2.0,2.0
423,0,1,01 PANUCO,124,PANUCO,U,2815,CONTIGUA 1,C,1,0,C1,443,207,236,48.5,8.5,3.0,10.666666666666666,4.166666666666666,2,188.16666666666663,1.0,0.0,0.0,0.0,2.0,6.0,0.0,,,0,7,txver,188.16666666666663,2.0
424,0,1,01 PANUCO,124,PANUCO,U,2815,CONTIGUA 1,C,1,0,C1,443,207,236,48.5,8.5,3.0,10.666666666666666,4.166666666666666,2,188.16666666666663,1.0,0.0,0.0,0.0,2.0,6.0,0.0,,,0,7,podemos,1.0,2.0
425,0,1,01 PANUCO,124,PANUCO,U,2815,CONTIGUA 1,C,1,0,C1,443,207,236,48.5,8.5,3.0,10.666666666666666,4.166666666666666,2,188.16666666666663,1.0,0.0,0.0,0.0,2.0,6.0,0.0,,,0,7,pc,0.0,2.0
426,0,1,01 PANUCO,124,PANUCO,U,2815,CONTIGUA 1,C,1,0,C1,443,207,236,48.5,8.5,3.0,10.666666666666666,4.166666666666666,2,188.16666666666663,1.0,0.0,0.0,0.0,2.0,6.0,0.0,,,0,7,uc,0.0,2.0
427,0,1,01 PANUCO,124,PANUCO,U,2815,CONTIGUA 1,C,1,0,C1,443,207,236,48.5,8.5,3.0,10.666666666666666,4.166666666666666,2,188.16666666666663,1.0,0.0,0.0,0.0,2.0,6.0,0.0,,,0,7,rsp,2.0,2.0
428,0,1,01 PANUCO,124,PANUCO,U,2815,CONTIGUA 1,C,1,0,C1,443,207,236,48.5,8.5,3.0,10.666666666666666,4.166666666666666,2,188.16666666666663,1.0,0.0,0.0,0.0,2.0,6.0,0.0,,,0,7,fxm,6.0,2.0
429,0,1,01 PANUCO,124,PANUCO,U,2816,BÃSICA,B,1,0,B1,534,255,279,69.5,18.5,2.0,10.166666666666666,3.6666666666666665,5,198.16666666666663,2.0,0.0,0.0,2.0,6.0,3.0,1.0,,,0,7,pan,279.0,3.0
430,0,1,01 PANUCO,124,PANUCO,U,2816,BÃSICA,B,1,0,B1,534,255,279,69.5,18.5,2.0,10.166666666666666,3.6666666666666665,5,198.16666666666663,2.0,0.0,0.0,2.0,6.0,3.0,1.0,,,0,7,pri,69.5,3.0
431,0,1,01 PANUCO,124,PANUCO,U,2816,BÃSICA,B,1,0,B1,534,255,279,69.5,18.5,2.0,10.166666666666666,3.6666666666666665,5,198.16666666666663,2.0,0.0,0.0,2.0,6.0,3.0,1.0,,,0,7,prd,18.5,3.0
432,0,1,01 PANUCO,124,PANUCO,U,2816,BÃSICA,B,1,0,B1,534,255,279,69.5,18.5,2.0,10.166666666666666,3.6666666666666665,5,198.16666666666663,2.0,0.0,0.0,2.0,6.0,3.0,1.0,,,0,7,pvem,2.0,3.0
433,0,1,01 PANUCO,124,PANUCO,U,2816,BÃSICA,B,1,0,B1,534,255,279,69.5,18.5,2.0,10.166666666666666,3.6666666666666665,5,198.16666666666663,2.0,0.0,0.0,2.0,6.0,3.0,1.0,,,0,7,pt,10.166666666666666,3.0
434,0,1,01 PANUCO,124,PANUCO,U,2816,BÃSICA,B,1,0,B1,534,255,279,69.5,18.5,2.0,10.166666666666666,3.6666666666666665,5,198.16666666666663,2.0,0.0,0.0,2.0,6.0,3.0,1.0,,,0,7,mc,3.6666666666666665,3.0
435,0,1,01 PANUCO,124,PANUCO,U,2816,BÃSICA,B,1,0,B1,534,255,279,69.5,18.5,2.0,10.166666666666666,3.6666666666666665,5,198.16666666666663,2.0,0.0,0.0,2.0,6.0,3.0,1.0,,,0,7,morena,5.0,3.0
436,0,1,01 PANUCO,124,PANUCO,U,2816,BÃSICA,B,1,0,B1,534,255,279,69.5,18.5,2.0,10.166666666666666,3.6666666666666665,5,198.16666666666663,2.0,0.0,0.0,2.0,6.0,3.0,1.0,,,0,7,txver,198.16666666666663,3.0
437,0,1,01 PANUCO,124,PANUCO,U,2816,BÃSICA,B,1,0,B1,534,255,279,69.5,18.5,2.0,10.166666666666666,3.6666666666666665,5,198.16666666666663,2.0,0.0,0.0,2.0,6.0,3.0,1.0,,,0,7,podemos,2.0,3.0
438,0,1,01 PANUCO,124,PANUCO,U,2816,BÃSICA,B,1,0,B1,534,255,279,69.5,18.5,2.0,10.166666666666666,3.6666666666666665,5,198.16666666666663,2.0,0.0,0.0,2.0,6.0,3.0,1.0,,,0,7,pc,0.0,3.0
439,0,1,01 PANUCO,124,PANUCO,U,2816,BÃSICA,B,1,0,B1,534,255,279,69.5,18.5,2.0,10.166666666666666,3.6666666666666665,5,198.16666666666663,2.0,0.0,0.0,2.0,6.0,3.0,1.0,,,0,7,uc,0.0,3.0
440,0,1,01 PANUCO,124,PANUCO,U,2816,BÃSICA,B,1,0,B1,534,255,279,69.5,18.5,2.0,10.166666666666666,3.6666666666666665,5,198.16666666666663,2.0,0.0,0.0,2.0,6.0,3.0,1.0,,,0,7,rsp,6.0,3.0
441,0,1,01 PANUCO,124,PANUCO,U,2816,BÃSICA,B,1,0,B1,534,255,279,69.5,18.5,2.0,10.166666666666666,3.6666666666666665,5,198.16666666666663,2.0,0.0,0.0,2.0,6.0,3.0,1.0,,,0,7,fxm,3.0,3.0
442,0,1,01 PANUCO,124,PANUCO,U,2816,CONTIGUA 1,C,1,0,C1,534,244,290,85.83333333333333,8.833333333333334,3.333333333333333,16.833333333333336,9.333333333333334,1,193.83333333333331,4.0,0.0,1.0,4.0,2.0,3.0,2.0,,,0,7,pan,290.0,4.0
443,0,1,01 PANUCO,124,PANUCO,U,2816,CONTIGUA 1,C,1,0,C1,534,244,290,85.83333333333333,8.833333333333334,3.333333333333333,16.833333333333336,9.333333333333334,1,193.83333333333331,4.0,0.0,1.0,4.0,2.0,3.0,2.0,,,0,7,pri,85.83333333333333,4.0
444,0,1,01 PANUCO,124,PANUCO,U,2816,CONTIGUA 1,C,1,0,C1,534,244,290,85.83333333333333,8.833333333333334,3.333333333333333,16.833333333333336,9.333333333333334,1,193.83333333333331,4.0,0.0,1.0,4.0,2.0,3.0,2.0,,,0,7,prd,8.833333333333334,4.0
445,0,1,01 PANUCO,124,PANUCO,U,2816,CONTIGUA 1,C,1,0,C1,534,244,290,85.83333333333333,8.833333333333334,3.333333333333333,16.833333333333336,9.333333333333334,1,193.83333333333331,4.0,0.0,1.0,4.0,2.0,3.0,2.0,,,0,7,pvem,3.333333333333333,4.0
446,0,1,01 PANUCO,124,PANUCO,U,2816,CONTIGUA 1,C,1,0,C1,534,244,290,85.83333333333333,8.833333333333334,3.333333333333333,16.833333333333336,9.333333333333334,1,193.83333333333331,4.0,0.0,1.0,4.0,2.0,3.0,2.0,,,0,7,pt,16.833333333333336,4.0
447,0,1,01 PANUCO,124,PANUCO,U,2816,CONTIGUA 1,C,1,0,C1,534,244,290,85.83333333333333,8.833333333333334,3.333333333333333,16.833333333333336,9.333333333333334,1,193.83333333333331,4.0,0.0,1.0,4.0,2.0,3.0,2.0,,,0,7,mc,9.333333333333334,4.0
448,0,1,01 PANUCO,124,PANUCO,U,2816,CONTIGUA 1,C,1,0,C1,534,244,290,85.83333333333333,8.833333333333334,3.333333333333333,16.833333333333336,9.333333333333334,1,193.83333333333331,4.0,0.0,1.0,4.0,2.0,3.0,2.0,,,0,7,morena,1.0,4.0
449,0,1,01 PANUCO,124,PANUCO,U,2816,CONTIGUA 1,C,1,0,C1,534,244,290,85.83333333333333,8.833333333333334,3.333333333333333,16.833333333333336,9.333333333333334,1,193.83333333333331,4.0,0.0,1.0,4.0,2.0,3.0,2.0,,,0,7,txver,193.83333333333331,4.0
450,0,1,01 PANUCO,124,PANUCO,U,2816,CONTIGUA 1,C,1,0,C1,534,244,290,85.83333333333333,8.833333333333334,3.333333333333333,16.833333333333336,9.333333333333334,1,193.83333333333331,4.0,0.0,1.0,4.0,2.0,3.0,2.0,,,0,7,podemos,4.0,4.0
451,0,1,01 PANUCO,124,PANUCO,U,2816,CONTIGUA 1,C,1,0,C1,534,244,290,85.83333333333333,8.833333333333334,3.333333333333333,16.833333333333336,9.333333333333334,1,193.83333333333331,4.0,0.0,1.0,4.0,2.0,3.0,2.0,,,0,7,pc,0.0,4.0
452,0,1,01 PANUCO,124,PANUCO,U,2816,CONTIGUA 1,C,1,0,C1,534,244,290,85.83333333333333,8.833333333333334,3.333333333333333,16.833333333333336,9.333333333333334,1,193.83333333333331,4.0,0.0,1.0,4.0,2.0,3.0,2.0,,,0,7,uc,1.0,4.0
453,0,1,01 PANUCO,124,PANUCO,U,2816,CONTIGUA 1,C,1,0,C1,534,244,290,85.83333333333333,8.833333333333334,3.333333333333333,16.833333333333336,9.333333333333334,1,193.83333333333331,4.0,0.0,1.0,4.0,2.0,3.0,2.0,,,0,7,rsp,2.0,4.0
454,0,1,01 PANUCO,124,PANUCO,U,2816,CONTIGUA 1,C,1,0,C1,534,244,290,85.83333333333333,8.833333333333334,3.333333333333333,16.833333333333336,9.333333333333334,1,193.83333333333331,4.0,0.0,1.0,4.0,2.0,3.0,2.0,,,0,7,fxm,3.0,4.0
